DRIVER_ID,POLICY_ID,CLAIM_ID,HOUSEHOLD_ID,ZIPCODE,SUSPICIOUS_CLAIM_TIME,EXPIRED_LICENSE,LOW_MILES_AT_LOSS,EXCESSIVE_CLAIM_AMOUNT,TOO_MANY_CLAIMS,NO_POLICE,FLAG_FOR_FRAUD_INV
XDY4674,US7684354,A-2017-QK123,EH29521,60443,0,0,0,0,0,0,0
OTR6593,VP9755242,A-2017-UK576,MI69314,60073,0,0,0,1,0,0,0
ZDX5513,TU9017020,A-2017-XY722,ME64244,60620,0,0,0,0,0,1,0
JQW6902,ZT8009136,A-2017-WI822,GE41016,60532,0,0,0,0,0,1,0
CVI8835,OJ5466096,A-2017-YI133,II25056,60429,0,0,0,0,1,1,0
NNC1791,NP5609300,A-2016-ES103,HF73106,60565,0,0,0,0,1,1,0
NVT2530,XO1491994,A-2016-PC570,EK42420,60046,0,0,0,0,0,1,0
PLH5992,PZ4952868,A-2016-RO690,AL73099,60453,0,0,0,0,0,0,0
HEX2175,NR5020416,A-2016-IT228,MB74980,60085,1,0,0,0,0,1,0
ZGX5492,PR0234045,A-2016-TR709,MJ25313,60620,0,0,0,0,0,1,0
VXB6725,TW6325238,A-2016-HM350,CL05212,60056,0,0,0,0,0,1,0
FEV4136,ON0061299,A-2016-IG504,FJ98021,60642,0,0,0,0,0,1,0
ZXK8458,NS4742983,A-2016-RC449,LB03531,60440,0,0,0,0,0,1,0
ZHU5731,XN8715168,A-2016-IG785,JH58399,60015,0,0,0,0,0,1,0
LPC5979,RX8026627,A-2016-ZX849,JG44159,60629,0,0,0,0,1,1,0
KVU4558,OS2207658,A-2016-GS830,BB87228,60022,0,0,0,0,0,1,0
TEF6091,VV4011716,A-2016-IO925,FI98273,60473,1,0,0,0,0,1,0
MPL7892,WY1935907,A-2016-YN675,MI44206,60467,0,0,0,0,0,0,0
SAC4402,YN8255193,A-2016-DP856,FG85355,60657,0,0,0,0,0,1,0
IYO5987,ZT3653138,A-2016-WW107,KG46105,60608,0,0,0,0,0,0,0
IGK7106,SN2959521,A-2016-MH980,LH37103,60471,0,0,0,1,1,1,0
EXY5445,XY0135091,A-2016-WQ734,FK38946,60031,0,0,0,0,1,1,0
TFS9274,XX3047541,A-2016-EG779,GL65161,60714,0,0,1,0,1,1,0
QKG1873,QP9311362,A-2016-GL386,HI42166,60622,0,0,0,0,0,0,0
OMD6077,NR5264702,A-2016-BS440,EG44060,60165,0,0,0,0,0,0,0
AMQ2716,VQ0260535,A-2016-GZ132,EK56020,60004,0,0,0,0,0,0,0
IBF2772,NY0641719,A-2016-TO975,JB10853,60106,0,0,0,0,0,1,0
NTU6044,TO4521649,A-2016-RB634,EC71219,60411,0,0,0,0,0,1,0
SDO1040,WZ4724116,A-2016-WQ290,CF32903,60611,0,0,0,0,0,1,0
KBA5650,NP8088051,A-2016-ME516,MK16710,60641,0,0,0,0,0,0,0
MNR3897,UR7509122,A-2016-US357,BJ88891,60633,0,0,0,0,0,1,0
HTD2103,RN5205736,A-2016-ZJ528,GM95563,60153,0,0,0,0,0,1,0
CGZ6410,VX5731466,A-2016-BM222,IE74470,60564,0,0,0,0,0,1,0
SBA9495,UX5213400,A-2016-CZ594,EB84834,60656,0,0,0,0,0,0,0
TNF4865,PZ8340148,A-2016-KG184,AE63027,60442,0,0,0,0,0,1,0
FTL1199,PZ6238668,A-2016-PL781,BB03722,60565,0,0,0,0,1,1,0
SME3407,ZR2077226,A-2016-MC694,CF95397,60645,0,0,0,0,0,1,0
DSS6124,YO6924425,A-2016-MM975,EI16763,60188,1,0,0,0,0,0,0
OEY8123,VO8920917,A-2016-BX915,JG55933,60193,0,0,0,0,0,0,0
VZY2146,ZT9853572,A-2016-UL470,HE87453,60031,0,0,0,0,0,0,0
WNV1383,TQ8626006,A-2016-XV991,JH12836,60073,0,0,0,0,0,1,0
CNR2278,UU3551543,A-2016-QU841,EA86001,60106,0,0,0,0,0,1,0
ROK9489,OX1716087,A-2016-CJ672,FJ69794,60062,0,0,1,0,0,1,0
RBD4666,ZR8241641,A-2016-HP797,MA22782,60423,0,0,1,0,0,1,0
MWS5738,QY9967922,A-2016-GU883,EF79317,60639,1,0,0,0,0,1,0
DBQ3765,XV3051519,A-2016-KB364,ME20711,60526,0,0,0,0,0,1,0
HID9804,UZ0884711,A-2016-NK234,BJ49119,60007,1,0,0,0,0,1,0
LUJ7559,WU2915342,A-2016-DB446,GK05855,60108,0,0,0,0,0,0,0
HFA8675,TP5072992,A-2016-WT995,MF71118,60047,0,0,0,0,1,1,0
NYF3309,XQ9647119,A-2016-HI354,EK40528,60044,1,0,0,0,0,1,0
RFI5642,ZR6675536,A-2016-OY657,FJ71958,60191,0,0,0,0,0,0,0
LAW9699,YV6577181,A-2016-HJ971,JG24742,60605,0,0,0,0,1,1,0
QZM1892,XX4015962,A-2016-QB477,GD94649,60172,0,0,0,0,0,1,0
CPU1132,VR8204534,A-2016-WM469,DG34465,60002,0,0,0,0,1,0,0
JNR4447,SR5517023,A-2016-DG239,FB98219,60616,0,0,0,0,0,1,0
QPM9215,SV7677200,A-2016-XV192,EJ46742,60827,0,0,0,0,0,1,0
COJ1762,ZU9078611,A-2016-GH567,IB62587,60189,1,0,0,0,1,0,0
UBR3756,TU2525695,A-2016-TV937,ED11393,60616,0,0,0,0,0,0,0
JOW5339,TO0356626,A-2016-ZF281,LM24956,60016,1,0,0,0,0,0,0
AJD8726,QQ8533972,A-2016-NK110,IC56125,60540,1,0,0,0,0,1,0
EUU9769,YZ7566990,A-2016-CT979,AC27451,60638,0,0,0,0,1,1,0
JKA6976,XX1209637,A-2016-EC151,IE12487,60020,0,0,0,0,1,0,0
XRJ1773,PZ5909614,A-2016-FR314,BI00940,60070,0,0,0,0,0,1,0
VSO4473,SZ2093802,A-2016-JO130,MD09065,60139,0,0,0,0,0,1,0
DPE4691,ZY1436686,A-2016-TV374,AH86525,60608,0,0,0,0,0,1,0
KVB5879,OY1273516,A-2016-HC263,GH20010,60120,0,0,0,0,0,1,0
SGO7528,SV1869698,A-2016-EC320,JF75578,60634,0,0,0,0,1,1,0
RVA8409,TZ3885135,A-2016-DL316,DK60010,60634,0,0,0,0,0,1,0
PBA4653,QU3273437,A-2016-PI440,HG90581,60419,0,0,0,0,0,1,0
DVO4563,QX0354637,A-2016-XK569,DL13046,60064,0,0,0,1,0,1,0
BEM6088,OW2080302,A-2016-HV508,KA25680,60640,0,0,0,0,0,0,0
EJU9445,ZZ4472871,A-2016-SH742,AL08011,60614,0,0,0,0,0,0,0
FTE9359,SY2891953,A-2016-DI581,LF35202,60201,0,0,0,0,0,0,0
VPW7974,PY5164183,A-2016-UC688,DF26195,60707,0,0,0,0,1,1,0
IMO5899,NO1952857,A-2016-JC894,DJ03531,60418,0,0,0,0,1,0,0
AJZ5719,SO9657565,A-2016-YA977,HM84054,60056,0,0,0,0,0,1,0
ZWV5684,UY7475415,A-2016-WE705,CK35217,60453,0,0,0,1,0,0,0
RDF5532,RU4143795,A-2016-UJ516,KB13759,60417,0,0,0,0,1,1,0
AKN7828,UQ0687951,A-2016-BL237,BB93489,60193,0,0,0,0,0,1,0
BQH1714,OO6282493,A-2016-YB164,CC99314,60047,0,0,0,0,0,1,0
VCS2108,PR6612726,A-2016-JH906,IE73202,60002,0,0,0,0,0,1,0
CJN2483,UX4559107,A-2016-FF995,IG56042,60610,0,0,0,0,0,1,0
SDO9660,SO2911762,A-2016-GW169,IC64201,60164,0,0,1,0,0,0,0
TVO9427,SW2185914,A-2016-LL841,CA38107,60181,0,0,0,0,0,1,0
RGW9657,RN6900888,A-2016-CR276,KH27308,60067,0,0,0,0,0,0,0
AWU3983,SW9911661,A-2016-EY747,FI09681,60016,0,0,0,0,0,1,0
PMN7048,SZ0462635,A-2016-IN591,AF33165,60181,0,0,0,0,1,1,0
KXS5955,RV8119265,A-2016-CZ752,CM00563,60655,0,0,0,0,0,1,0
GNJ7722,OX8468526,A-2016-JH676,AE25680,60443,0,0,0,0,0,1,0
ONV8201,QZ7794446,A-2016-IV722,MJ10968,60516,0,0,0,0,0,1,0
DJN3503,YS5424315,A-2016-UY262,FF21110,60408,0,0,0,0,0,0,0
QFC1969,WS2845258,A-2016-DV998,JH72873,60654,0,0,0,0,0,0,0
EXX9506,YS0850770,A-2016-EL664,ID61421,60067,0,0,0,0,1,1,0
VPO6286,NZ6883125,A-2016-ZO214,CI99786,60614,0,0,0,0,0,1,0
FRA6408,ZQ2241744,A-2016-AB343,IA79600,60445,0,0,0,0,0,0,0
NUS7963,SR5266375,A-2016-PD376,HL60516,60645,0,0,0,0,1,1,0
ORD4650,XR9202123,A-2016-EU678,HM55275,60172,0,0,0,0,0,1,0
JOI7290,ZW1786613,A-2016-LS890,JL38694,60005,0,0,0,0,0,1,0
YZH6500,YW0360562,A-2016-HK550,CE72205,60621,0,0,0,0,0,1,0
AJL5352,OT8388522,A-2016-QA664,GD27076,60620,0,0,0,0,0,1,0
RMI1597,OY9718157,A-2016-FL152,BC16240,60148,0,0,0,0,0,1,0
HLS9921,QS8627661,A-2016-EK391,FH99860,60609,1,0,0,1,0,1,0
COV7639,XO0684564,A-2016-ZP953,II94591,60409,0,0,0,0,0,1,0
UIF3842,YT4555816,A-2016-JO793,HB56187,60104,0,0,0,0,0,1,0
SWS9887,QV3913754,A-2016-NQ521,MD02905,60714,0,0,0,0,0,1,0
VPR9416,QQ1258070,A-2016-EL238,IE91008,60630,0,0,0,1,0,1,0
BVX5673,RX2128464,A-2016-FO880,BE37991,60089,0,0,0,0,0,1,0
CYB7485,VN7933569,A-2016-WJ161,HK98123,60430,0,0,0,0,0,0,0
MXU1596,UX1515385,A-2016-YK142,JH82234,60630,0,0,0,0,0,1,0
GAT3965,PU2448607,A-2016-NA613,HA48792,60056,0,0,0,0,0,1,0
NOQ5651,TX5197224,A-2016-DD777,AD21233,60639,0,0,0,0,0,1,0
MWA3612,NO2626234,A-2016-VA733,FI15095,60411,0,0,0,0,0,1,0
RTU3067,XW8497839,A-2016-GB494,MM12896,60131,0,0,0,0,0,1,0
ORM5367,WY5525018,A-2016-WX452,IH34827,60620,0,0,0,1,1,1,0
YZU3828,RP1691702,A-2016-GQ268,ML16200,60090,0,0,0,0,1,0,0
QVU1634,TS9756361,A-2016-GW295,AC70922,60620,0,0,0,0,1,0,0
IRI1059,TY8597788,A-2016-FQ717,CJ26188,60411,0,0,0,0,0,1,0
ZPK6362,WW3786529,A-2016-FT602,JM03532,60076,0,0,0,0,0,1,0
AQE1236,QV0727891,A-2016-CP968,EH38308,60093,0,0,0,0,0,1,0
OIT3253,YO7875831,A-2016-MD678,GA35304,60048,0,0,0,1,1,1,0
QHU8993,SZ4733930,A-2016-TX715,KD48355,60164,1,0,0,0,0,1,0
ZWF8769,XV1061060,A-2016-OP598,FD85224,60085,1,0,0,0,0,1,0
KVA2573,SV4262773,A-2016-BM107,CG15540,60630,0,0,0,1,0,0,0
JFF2761,RY1022103,A-2016-XA843,GA62816,60153,0,0,0,0,0,1,0
JAG1187,UT3981430,A-2016-HO697,JB33981,60661,0,0,0,0,0,1,0
KAR5901,OP4491216,A-2016-TZ300,GG32766,60515,0,0,0,0,0,1,0
YVM2400,RX0281539,A-2016-LR588,CC27004,60419,0,0,0,0,0,1,0
ROE4543,VT0106622,A-2016-RF444,FL24999,60459,0,0,0,0,1,1,0
DCH4155,PU2943021,A-2016-LX294,CB58423,60614,0,0,0,0,0,1,0
GDD4857,QS9761555,A-2016-NH551,LM65123,60422,0,0,0,0,0,1,0
MUP3226,YW0797542,A-2016-NH175,FK37220,60607,0,0,0,0,0,0,0
ANU9281,XW5092196,A-2016-WR831,IC57782,60502,0,0,0,0,0,1,0
LYL7172,SW9074081,A-2016-MT396,KA66893,60610,0,0,0,0,0,1,0
CVV6321,NZ7127290,A-2016-LV599,CB56189,60638,0,0,0,0,0,1,0
RLC1416,OO2524314,A-2016-JK709,MF24904,60526,0,0,0,0,0,1,0
OKC8514,ZW1441904,A-2016-BH360,KF45107,60085,0,0,0,0,1,1,0
ALG6593,VZ0962679,A-2016-CT983,AG07713,60085,0,0,0,0,0,1,0
AKN9070,TQ9596648,A-2016-BE830,AH19995,60647,0,0,0,1,0,1,0
OIV7008,SQ0996695,A-2016-GF943,GL96134,60409,0,0,0,0,0,1,0
YPU4542,UN9915734,A-2016-ED616,MJ83836,60608,0,0,0,0,1,1,0
GRG4897,VS9071924,A-2016-MB772,CJ32124,60633,0,0,0,0,0,1,0
NTC9808,RU2151351,A-2016-DH475,CC78693,60435,0,0,0,0,0,1,0
GTF4097,ZX0110603,A-2016-VA425,BK87192,60035,0,0,0,0,0,0,0
JOA9170,TW2172802,A-2016-RW653,BC90853,60130,0,0,0,0,0,0,0
JXY1001,NS8944000,A-2016-IH941,KE74292,60430,0,0,0,1,0,0,0
NHV2660,QO0281819,A-2016-ZO625,FL76780,60628,0,0,0,1,0,0,0
JBM7921,NZ0903901,A-2016-ZA480,DE72627,60630,0,0,1,0,0,0,0
PME9660,YQ4164671,A-2016-EA365,FF96280,60804,1,0,0,0,0,0,0
FIT3330,ZO6268237,A-2016-UX792,DC58278,60513,0,0,0,0,0,1,0
WGO5331,PO4417719,A-2016-XA416,IH09159,60646,0,0,0,0,0,1,0
ICI3991,XP2169795,A-2016-LJ952,BK58375,60477,0,0,0,0,0,1,0
PCK1675,WN6687211,A-2016-FB831,DF13458,60476,0,0,0,0,0,1,0
HBO4001,PT9906392,A-2016-EW182,DD03591,60517,0,0,0,1,0,0,0
HDL8307,XV6725907,A-2016-OG330,CI59835,60517,0,0,0,0,0,0,0
QFY8695,UY2970428,A-2016-EZ353,CL37333,60614,0,0,0,0,0,1,0
HFX7408,YP9758006,A-2016-QD338,EA38976,60657,0,0,0,0,0,1,0
DNG6198,OV7604794,A-2016-DN183,II69540,60563,0,0,0,0,1,1,0
DMH4128,WT2852974,A-2017-UN456,JA75257,60137,0,0,0,0,0,1,0
HDO9038,WY3358218,A-2017-HW743,DK76781,60187,0,0,0,0,1,0,0
KTZ1355,TT7246381,A-2017-BK854,IE45580,60527,0,0,0,0,0,1,0
FNU1029,VN2845480,A-2017-FG631,AH81764,60640,0,0,0,0,1,0,0
VGR4028,UO2972691,A-2017-AT474,JA63576,60516,0,0,0,0,0,1,0
GRZ1311,RO4862682,A-2017-BH743,CL06429,60004,0,0,1,0,0,0,0
JQY5798,PW0558679,A-2017-ZM273,AB26747,60630,0,0,1,0,0,1,0
XBH9030,UU9571126,A-2017-ZX388,AL29368,60187,0,0,0,0,0,1,0
SBB1301,ZV4227503,A-2017-KP902,LL52085,60169,0,0,0,0,0,0,0
YSI4661,ZO1775044,A-2017-BB481,FC94218,60169,0,0,0,0,0,1,0
PCY8036,QT8143931,A-2017-SY527,DC72392,60628,0,0,0,0,0,1,0
CTU1742,PY5744842,A-2017-KC790,LG57902,60641,0,0,0,0,0,1,0
OBC1123,PX3190170,A-2017-IC655,FD71071,60101,1,0,0,0,0,0,0
HZF3884,XR1994270,A-2017-QY946,GL77908,60126,0,0,0,0,0,1,0
IIP5092,UZ5342924,A-2017-KH560,LM74150,60068,0,0,0,0,1,0,0
COU2384,WO9038152,A-2017-YH126,EJ16288,60464,0,0,0,0,0,0,0
EXI2959,NX5544791,A-2017-SY373,KK70170,60630,0,0,0,0,0,1,0
LQE7626,YU3451396,A-2017-SG898,LF69827,60025,0,0,0,0,0,0,0
WLR6150,PP0678228,A-2017-RY674,GD72265,60602,0,0,0,0,0,1,0
FNB1378,PR5899201,A-2017-CX285,FI79785,60514,0,0,0,0,1,1,0
VEC6774,UP8480383,A-2017-VZ267,LE14930,60008,0,0,0,0,1,1,0
CKN8943,OQ9481175,A-2017-NI780,LH95954,60139,0,0,0,0,0,0,0
OBF3347,RX0151289,A-2017-DR728,GD19479,60453,0,0,0,0,0,1,0
MRS9095,XU0143137,A-2017-FB843,JL95858,60077,0,0,0,0,0,0,0
LFW8264,YY7862368,A-2017-YB190,IF40191,60068,0,0,0,0,0,1,0
HRU6674,UQ4697431,A-2017-QW624,LJ98978,60005,0,0,0,0,0,1,0
THR7237,VR2124163,A-2017-YF474,IL50425,60459,0,0,0,0,0,1,0
RYX1074,RW0440982,A-2017-UP277,BB72793,60614,0,0,0,0,0,1,0
SEX4810,YX1133000,A-2017-YO952,LL74042,60609,0,0,0,0,0,1,0
VOJ6529,RY8468834,A-2017-VV783,ED70515,60607,0,0,0,0,0,1,0
SOU9153,XW5817053,A-2017-RK850,EI40017,60188,0,0,0,0,0,1,0
RGK7393,VN8546671,A-2017-XQ535,JG80157,60513,0,0,0,0,0,0,0
FHM3434,SX6574238,A-2017-SK656,ED80605,60559,0,0,0,0,0,0,0
GMV1511,SR6857717,A-2017-RA692,II65592,60608,0,0,0,0,0,0,0
IYJ5989,XT7680352,A-2017-UH694,JD81772,60426,0,0,0,1,0,1,0
XRQ9231,TS4391466,A-2017-ED558,CG84971,60565,0,0,0,0,0,1,0
XAF8141,RN0805178,A-2017-GS526,FK47562,60148,0,0,0,0,0,1,0
WIN3275,TV5924089,A-2017-SO133,LM84524,60181,0,0,0,0,0,1,0
JKN2302,VN8254173,A-2017-LQ114,DG34798,60045,0,0,1,0,1,1,0
DTW2895,SW1437892,A-2017-IP152,FB19127,60004,0,0,0,0,1,0,0
EQO4180,PW4525441,A-2017-YE302,LB29539,60068,0,0,0,0,0,1,0
JMJ3473,OY9096927,A-2017-PE461,EB83951,60526,0,0,0,0,1,0,0
PWW8014,PU3271539,A-2017-HT680,KH30531,60630,0,0,0,0,0,0,0
GDV9847,ZY8848637,A-2017-TF128,HK48669,60007,0,0,0,0,0,1,0
KCJ6522,UP0163578,A-2017-VM767,KE77120,60062,0,0,0,0,0,0,0
IIT2137,RN1945380,A-2017-PC192,FJ15436,60515,0,0,0,0,1,1,0
OUJ8640,PY6506577,A-2017-KD607,HK70275,60409,0,0,0,0,0,0,0
JTG5046,VU5501162,A-2017-CI379,FF78473,60060,0,0,0,0,0,1,0
DRL4041,XO9620803,A-2017-IK693,IG06744,60418,0,0,0,0,0,1,0
BHR9916,NQ3776091,A-2017-PC617,JE53487,60435,0,0,0,0,0,1,0
IRV8462,PO6924328,A-2017-HC759,GG59691,60153,0,0,0,0,0,1,0
BOZ3312,NP5318038,A-2017-JB106,HG63141,60645,0,0,0,0,0,1,0
PBN3143,SZ8669393,A-2017-AQ321,FL85297,60148,0,0,0,0,0,0,0
UIR5250,PW7629715,A-2017-RQ313,HD74897,60451,0,0,0,0,0,1,0
ZUK2264,NS3447639,A-2017-RA334,MB76425,60617,0,0,0,0,0,1,0
CMK9988,RO5153761,A-2017-VX669,GE24020,60453,0,0,0,0,0,1,0
WMC8213,UW2551333,A-2017-VY154,EE74447,60602,0,0,0,0,0,0,0
KXX3271,YV5069582,A-2017-SK594,LK43924,60443,0,0,0,0,0,0,0
JEO5375,XV4937331,A-2017-KZ673,HI71529,60435,0,0,0,0,1,1,0
WPN6980,VO3834413,A-2017-EH707,GF45499,60193,0,0,0,0,0,1,0
KQQ3112,ZN0780866,A-2017-EB910,JH74704,60409,0,0,0,1,1,1,0
MRH4309,QW1284522,A-2017-MD753,DI53465,60010,0,0,0,0,1,0,0
DXW2015,VW6615388,A-2017-ML560,KG84597,60636,0,0,0,0,0,0,0
YOD8364,WW4653707,A-2017-QW162,MH92279,60062,0,0,0,0,0,1,0
MYO2741,SO0459437,A-2017-RE565,LI83797,60714,0,0,0,0,0,1,0
TFW6473,SN7604508,A-2017-DI646,AG88257,60445,0,0,0,0,1,1,0
UTU4435,QN6809156,A-2017-MP531,LM84411,60804,0,0,0,0,0,1,0
EXS9829,NU1726936,A-2017-LI176,FC64633,60637,0,0,0,0,0,1,0
HIN8026,ZX1054765,A-2017-RD651,JF38923,60502,0,0,0,1,1,1,0
RYT3714,SS8033919,A-2017-YO261,FM37273,60126,0,0,0,0,1,1,0
ZOS8509,QX7046563,A-2017-UU476,ID09899,60068,0,0,0,0,0,1,0
MXU8787,XS5339388,A-2017-ZM210,BC99363,60073,0,0,0,0,1,0,0
RXC9185,NX6656625,A-2017-IV672,BJ01611,60305,1,0,0,0,0,1,0
KQB7806,VR3515393,A-2017-KU336,ML70626,60126,0,0,0,0,0,0,0
ONM5465,YY1229530,A-2017-ZO863,LD32277,60621,0,0,0,0,0,1,0
LKU4949,TO6968240,A-2017-JY910,FH89848,60428,0,0,0,0,0,1,0
CIF2595,VR0198405,A-2017-TS850,CD81490,60477,0,0,0,0,0,1,0
UEG9371,QP6847946,A-2017-ST857,ME44011,60639,1,0,0,0,0,1,0
GCL6025,SN7285032,A-2017-SW844,MM39924,60438,0,0,0,0,0,0,0
PUN8916,NY8220476,A-2017-BI614,EE18899,60631,0,0,0,0,0,0,0
SCG7321,VV2881252,A-2017-KL196,GG83108,60639,0,0,1,0,0,1,0
CGD2999,TT1903191,A-2017-OE611,IL22324,60030,0,0,0,0,1,1,0
MJH3143,UT6774573,A-2017-JM882,AF85054,60641,0,0,0,0,1,1,0
UXH3674,XS9394267,A-2017-MQ298,EJ11974,60616,0,0,0,0,0,1,0
GZJ3059,XP5153025,A-2017-QO216,AD53565,60532,0,0,0,0,0,1,0
MHO7867,VV7195615,A-2017-FH914,AH36902,60108,0,0,0,1,0,1,0
QHY5193,WP1682385,A-2017-VE464,BC52110,60148,0,0,0,0,0,1,0
QOA5088,ZR6754512,A-2017-TR357,LL38913,60187,0,0,0,0,0,1,0
IBW9879,WV7566020,A-2017-PG334,EA58163,60622,0,0,0,0,0,1,0
GJQ6937,QN4461734,A-2017-GL490,CA17983,60068,0,0,0,0,1,1,0
JDS1375,WZ4338819,A-2017-UT336,KI98385,60015,0,0,0,0,0,1,0
UZH8181,RO4198697,A-2017-QC446,AJ48230,60613,0,0,0,0,0,1,0
HHP9923,UU2196222,A-2017-HF761,DK48591,60435,0,0,0,0,0,0,0
OUL2233,NN8771027,A-2017-AJ838,CD07410,60004,0,0,0,0,0,1,0
AIG2124,TS1231641,A-2017-SY721,LM42047,60188,0,0,0,0,0,1,0
SNV2587,ZS2366637,A-2017-GX131,FJ48730,60625,0,0,0,1,0,1,0
YXF8421,XO1420265,A-2017-SS668,LJ86931,60707,0,0,0,0,0,1,0
SOJ9135,YT6572935,A-2017-DZ938,DA90961,60614,1,0,0,0,0,1,0
LNX3561,ZS6172248,A-2017-EC464,MD98512,60089,0,0,0,1,0,1,0
KNQ4268,PP7360289,A-2017-KO812,AK42388,60654,0,0,0,0,0,0,0
FQP9528,RP6235291,A-2017-LO213,GK21405,60608,0,0,0,0,0,1,0
ZRV5490,NO2441765,A-2017-VA650,LI94483,60653,0,0,0,0,0,1,0
MHU2796,TQ3362395,A-2017-LO249,MG96186,60465,0,0,0,0,0,1,0
ZXD7408,VO5395284,A-2017-NC367,GA86157,60641,0,0,0,0,0,1,0
CJY6373,QV4842191,A-2017-JI571,CF57572,60104,0,0,0,0,0,0,0
GKE7246,ZT4489323,A-2017-WN652,CK36457,60451,0,0,0,0,0,1,0
WCO8329,OO7102397,A-2017-YK455,FI84155,60457,0,0,0,0,0,0,0
IUS4800,QT8477906,A-2017-AJ740,KG60474,60004,0,0,0,0,0,1,0
RBI3010,SX3656835,A-2017-NQ617,BA64676,60614,0,0,0,0,0,0,0
QLO1576,NR3163843,A-2017-UU269,BD58953,60046,0,0,0,0,0,0,0
WOD8295,YS7561935,A-2017-VK382,KA61953,60656,0,0,0,0,0,0,0
DLT8828,QR3358683,A-2017-KE174,AK44043,60611,0,0,0,1,0,1,0
RDA7705,WP2365028,A-2017-FI613,GA06594,60061,0,0,0,0,0,0,0
GNN7654,NW0905435,A-2017-JD841,EL93393,60613,0,0,0,0,0,1,0
GKA2098,KA9895684,A-2017-IG204,HJ52867,60419,0,0,0,0,1,0,0
GFQ4562,TT8398140,A-2017-YH182,AJ12194,60657,1,0,0,0,0,1,0
XHE2505,WW3699493,A-2017-ND745,BD15196,60062,0,0,0,0,1,1,0
CVT3358,SS8528719,A-2017-QR688,IC59461,60630,0,0,0,1,0,1,0
PXE3728,XY6800348,A-2017-CK710,GB64343,60660,0,0,0,0,0,1,0
CBR4335,US5444269,A-2017-XP758,MD38210,60422,0,0,0,0,0,1,0
RQP1927,SX8739262,A-2017-SE368,GH44736,60126,0,0,0,0,0,1,0
ZXT5721,YV1395536,A-2017-AD107,FC28100,60630,0,0,0,0,0,1,0
RMM6924,YO4187208,A-2017-TY365,GC13509,60559,1,0,0,0,0,0,0
FLL3059,NV2353036,A-2017-MC436,MI38163,60657,0,0,0,0,1,1,0
UGD9956,IW1241482,A-2017-CJ199,FC75220,60468,0,0,0,0,0,1,0
PNU4909,SU0172310,A-2017-YG663,AF33555,60148,1,0,0,1,0,0,0
JZG2207,UV1764240,A-2017-CZ943,MH90468,60402,0,0,0,0,0,1,0
BEP2432,WS0404170,A-2017-DT768,JJ75043,60090,0,0,0,0,0,1,0
HWN4065,NU1999047,A-2017-BM717,HD45320,60467,0,0,0,0,0,1,0
KTD5596,RU3281584,A-2017-UA125,CL06124,60026,0,0,0,0,0,1,0
FBF7180,ON3750064,A-2017-LN609,DM68013,60607,0,0,0,0,0,1,0
NKF7863,XN4311279,A-2017-RU378,HA05129,60035,0,0,0,0,0,0,0
MAL6234,TZ4837583,A-2017-HS817,HI09591,60634,0,0,0,0,0,0,0
JPG3479,TN9978032,A-2017-EL586,DJ53983,60622,0,0,0,0,1,0,0
OJV7300,XQ5157211,A-2017-YI956,LB95860,60169,0,0,0,0,0,1,0
ADI9199,PO6164104,A-2017-XH615,BJ29463,60435,0,0,0,0,0,0,0
HDF2975,UT6723898,A-2017-FQ760,GA06376,60108,0,0,0,0,0,1,0
HIK3328,PT8400916,A-2017-OJ529,CH28837,60429,0,0,0,0,0,1,0
MSA6694,WV6682305,A-2017-SJ584,MD46540,60623,0,0,0,0,0,1,0
UYH8631,NU2115442,A-2017-UH789,EG20576,60099,0,0,0,0,0,1,0
CQN8691,VU9645019,A-2017-RH886,KA18149,60555,0,0,0,0,0,1,0
WSW2851,WP4076143,A-2017-BN974,AC90741,60503,1,0,0,0,0,0,0
DOJ7909,YN3750539,A-2017-GP852,AD33823,60431,0,0,0,0,0,1,0
GXZ8111,US5826700,A-2017-KP509,BG79134,60638,0,0,0,0,0,1,0
UZW3728,YP1732846,A-2017-UH120,LE16018,60645,0,0,0,0,1,1,0
FKV5887,NY5729669,A-2017-BW985,AF84978,60126,0,0,0,0,0,0,0
DMF2226,WY3897339,A-2017-LZ864,GM08574,60007,0,0,0,0,0,1,0
FJN5769,UX9541886,A-2017-CR591,FM01541,60067,0,0,0,0,0,0,0
HOT6911,SN3900751,A-2017-DX139,KJ87338,60805,0,0,0,1,0,1,0
LIK6490,VO4861035,A-2017-OB945,KK79654,60440,1,0,0,0,0,1,0
ZPV3198,QY0522578,A-2017-UZ121,MF01049,60053,0,0,0,0,0,1,0
KYH8623,WQ7858928,A-2017-WJ288,DF40388,60202,0,0,0,0,0,1,0
JUN3571,ZS4755633,A-2017-ZK342,LH46463,60438,0,0,0,1,1,0,0
RZH5190,OT1788750,A-2017-JF585,KJ47756,60515,0,0,0,0,0,1,0
EXG5687,OO9423535,A-2017-NJ313,EE04180,60194,0,0,0,0,0,1,0
HYM2835,YW5444141,A-2017-OT274,MB17303,60068,0,0,0,0,0,1,0
YAI3122,UN9888615,A-2017-XL267,DG11881,60056,0,0,0,0,1,1,0
DOP9912,RU4321594,A-2017-GV301,MF96220,60035,0,0,0,0,0,1,0
FLR5428,PZ8862368,A-2017-TD385,FF77811,60048,0,0,0,0,0,0,0
PIJ2698,RP8869776,A-2017-JV153,BC77128,60137,0,0,0,0,0,1,0
RJZ1285,SW4033201,A-2017-MP912,LI08390,60563,0,0,0,0,0,1,0
XZE6293,ZR8642441,A-2017-WZ811,KD13606,60540,0,0,0,0,1,1,0
CRY7173,QZ4039001,A-2017-JF633,AI12532,60631,0,0,0,0,0,1,0
GMS3368,OP0488234,A-2017-MJ827,AG14753,60402,0,0,0,0,0,1,0
XLC1402,VZ9974733,A-2017-KU921,BE78642,60656,0,0,0,0,0,1,0
PUS7822,NV4315362,A-2017-LT705,FK30561,60565,0,0,0,1,0,0,0
ELB1679,ZT9560342,A-2017-HD968,KE36153,60193,0,0,0,0,0,0,0
GZL8792,PX3482995,A-2017-LJ492,EK22095,60610,0,0,0,0,0,0,0
GLQ6745,ZZ8808261,A-2017-NB655,MI24895,60561,0,0,0,0,0,1,0
QWD8497,NS6693038,A-2017-NS432,EG03287,60714,0,0,0,1,0,0,0
JGC8713,QT7588940,A-2017-FC128,GK36994,60657,0,0,0,0,0,0,0
SYT8208,XW7156399,A-2017-GZ877,FM16034,60452,0,0,0,0,0,1,0
JWC3569,NS8285829,A-2017-II227,FM63548,60022,0,0,0,0,0,0,0
IZH6623,VW4558702,A-2017-IV574,EM10714,60521,0,0,0,0,0,1,0
SDW5999,VO1714790,A-2017-VS743,GD66439,60631,0,0,0,0,0,0,0
XPP5884,RU6332468,A-2017-TV822,BF05653,60714,0,0,0,0,0,1,0
WCV8469,TP3280705,A-2017-QE941,BH93860,60435,0,0,0,0,1,1,0
JWU5942,SZ1935695,A-2017-BQ277,AL42512,60101,0,0,0,0,0,1,0
VQN4295,OT2127769,A-2017-PO955,MJ62506,60561,0,0,0,0,0,1,0
TDB2488,VS8303317,A-2017-YY110,KK57920,60048,0,0,0,0,0,0,0
EDQ9600,NN9856134,A-2017-KT680,HC84329,60085,0,0,0,1,0,1,0
GKN8137,WS4456394,A-2017-DE747,EB30625,60419,0,0,0,0,0,0,0
NQM2530,OQ7411176,A-2017-RP891,GI20659,60611,0,0,0,0,0,1,0
TDI9269,RX5423754,A-2017-SA511,IA01954,60620,0,0,0,0,0,0,0
KYK1171,XN0256599,A-2017-VB796,EL79658,60025,0,0,0,0,1,1,0
WDC2749,PQ3189850,A-2017-CU817,BJ63668,60647,0,0,0,0,0,1,0
SQL1278,XW2273317,A-2017-WL184,LC48206,60467,0,0,0,1,1,0,0
AJK6119,QZ2578445,A-2018-DD905,EJ05469,60409,0,0,0,0,0,1,0
SPM6622,NX8354907,A-2018-NT659,CI47062,60194,0,0,1,0,1,1,0
HWK2286,WU5515510,A-2018-NS274,AL13143,60430,0,0,0,0,1,1,0
EDJ5801,WP8776649,A-2018-JM458,AG54870,60804,1,0,0,0,0,1,0
CCS4638,YR5487331,A-2018-KD410,AI11900,60611,0,0,0,0,0,1,0
IOJ7890,SW0112779,A-2018-GO104,LD26949,60302,0,0,0,1,0,1,0
SRQ6205,PT3004787,A-2018-NZ650,HI35371,60409,0,0,0,1,0,1,0
UWO1746,UU5926414,A-2018-OW650,ME08091,60804,0,0,0,0,0,1,0
XJB5149,XN9015815,A-2018-LF972,MG83193,60169,0,0,1,0,0,1,0
SOQ2202,YQ8043068,A-2018-LO333,EB78952,60651,0,0,1,0,0,1,0
OZW4212,UW9336637,A-2018-NL294,GC75008,60007,0,0,0,0,0,1,0
ETY3244,SQ6189530,A-2018-AI909,II37776,60634,0,0,0,0,0,1,0
INF2314,YW3547301,A-2018-AF888,AD17858,60630,1,0,0,0,0,1,0
ZBN3849,UX3030278,A-2018-IQ116,LG78715,60069,0,0,0,0,0,1,0
FPE2806,PP8807559,A-2018-JM379,KD41460,60103,0,0,0,0,0,1,0
PYM5849,PT7206215,A-2018-XT215,FA83668,60453,0,0,0,0,0,1,0
XDW3629,ZX8265963,A-2018-JE376,JG10354,60628,0,0,0,0,0,1,0
UOL8330,YP0886007,A-2018-ZV358,AE05717,60076,0,0,0,0,0,0,0
RUL7037,PU8849469,A-2018-VD716,JM38450,60068,0,0,0,0,0,1,0
UCG4504,RY4686253,A-2018-ZQ787,BE01139,60087,0,0,0,0,0,1,0
USA6595,RU3556647,A-2018-RO767,EJ69890,60073,0,0,0,0,0,1,0
EMI5164,XS1507250,A-2018-SF354,KH04396,60004,0,0,0,0,0,0,0
FRV3380,XT6851308,A-2018-HF192,MB92489,60153,0,0,0,0,1,0,0
PYL5449,PT6949793,A-2018-CP816,DB07596,60415,0,0,0,0,0,1,0
RQZ1566,ZR4462879,A-2018-VT470,FH81231,60565,0,0,0,0,0,1,0
KON9386,YZ6860167,A-2018-UG599,JL26796,60193,0,0,0,0,0,0,0
HFY6492,TZ7299289,A-2018-AG506,GD15805,60803,1,0,0,0,0,1,0
XPA7168,QV1059877,A-2018-AK270,GA72840,60084,0,0,0,0,0,0,0
HMO8073,OU7149121,A-2018-CE740,HM76294,60628,0,0,0,0,0,1,0
TDQ9785,VT9933504,A-2018-BW917,GI53420,60643,0,0,0,0,0,1,0
QIE4078,XY0542958,A-2018-PQ147,HM79282,60462,0,0,0,0,1,1,0
GBU7751,XP3473763,A-2018-XB432,DM94074,60482,0,0,0,0,0,1,0
WEB8329,RW9068881,A-2018-ZT127,EI39779,60084,0,0,0,0,0,1,0
NJM5222,ST4388750,A-2018-GD621,CD16329,60046,0,0,0,0,0,1,0
FDI8478,QY1326870,A-2018-SC659,DF48914,60007,0,0,0,0,0,1,0
MUJ5635,RW0743418,A-2018-AO321,EI17336,60620,0,0,0,0,0,0,0
CDZ4102,SS8155048,A-2018-FD517,JC25299,60188,0,0,0,0,0,1,0
BAM8386,UR8869326,A-2018-AK293,EC85648,60561,0,0,0,0,1,1,0
SEX7688,TN3502782,A-2018-LN450,IF65429,60517,0,0,0,0,0,1,0
ZEC4725,QP4887345,A-2018-CU329,JH92659,60133,0,0,0,0,0,0,0
KPQ4157,YX8982998,A-2018-TT969,LM58734,60516,0,0,0,0,1,1,0
FSV8061,ZX4651616,A-2018-QG206,LF92525,60647,0,0,0,0,0,0,0
BCY4769,PV2211372,A-2018-SP887,MA51430,60561,0,0,0,0,0,1,0
UGL4604,ZN3588796,A-2018-EY949,IK38416,60652,1,0,0,0,1,1,0
GDE3477,SZ5841493,A-2018-YE444,GB78487,60651,0,0,0,0,0,1,0
UOR1387,RS9771971,A-2018-IS357,BM71147,60073,0,0,0,0,0,1,0
HMG5307,OT0463847,A-2018-ED838,GH07369,60046,0,0,0,0,0,1,0
PGB8335,TQ9350084,A-2018-TY624,IA98679,60004,0,0,0,0,1,1,0
KTD4050,PX1071833,A-2018-TF905,IB95425,60639,0,0,0,0,0,1,0
PQY8645,NR0144127,A-2018-TL749,DM38453,60165,1,0,0,0,1,1,0
OFX2779,XQ1450110,A-2018-HG799,CC41573,60517,0,0,0,0,0,1,0
DEU4341,ZN0464148,A-2018-PQ371,KB66486,60099,0,0,1,0,0,0,0
UGD8766,TR3200628,A-2018-YA444,KC09049,60008,0,0,1,0,0,1,0
IKY6520,ZN4075671,A-2018-OG581,DM60217,60608,0,0,0,1,0,0,0
MER6687,PQ3834735,A-2018-FZ863,HB28544,60645,0,0,0,0,1,1,0
ENU3858,SW5283000,A-2018-UC340,AE14152,60513,0,0,0,0,0,1,0
CCO3108,QY6186043,A-2018-SF255,LK50552,60607,0,0,0,0,0,0,0
GUC9642,XN8685916,A-2018-EI379,DF92368,60626,0,0,0,1,0,1,0
BHP8104,SS8206471,A-2018-HB182,AD76002,60453,0,0,0,0,1,1,0
COD5340,PO3687159,A-2018-QD453,ME61905,60534,0,0,0,0,0,0,0
JVB2412,YS4748049,A-2018-BW742,HB62590,60515,1,0,0,0,0,0,0
LEK4127,RN6142623,A-2018-CY343,AH62631,60640,1,0,0,0,0,1,0
OZL3738,VS6598793,A-2018-PW166,FD06528,60067,0,0,0,0,0,1,0
IEC2335,XQ6563687,A-2018-LP160,HD54423,60490,0,0,0,0,0,0,0
SRY1506,QS3905000,A-2018-KR681,CB33278,60438,0,0,0,0,0,1,0
OZN5487,RV3312646,A-2018-XY747,AJ18102,60193,0,0,1,0,0,0,0
NIN6382,ZP1366299,A-2018-IO178,IB60055,60617,0,0,0,0,0,0,0
MBZ5148,WP7539036,A-2018-LM482,HC03059,60616,0,0,0,0,0,1,0
CUP8502,UO3700975,A-2018-GT800,BJ74660,60016,0,0,0,0,0,1,0
DCC5293,VR3573175,A-2018-DR329,IC43235,60030,0,0,0,0,0,1,0
XIJ1751,UX4059455,A-2018-WS563,BC69727,60546,0,0,0,0,0,1,0
QVM1911,YT2430777,A-2018-PS683,AD49282,60651,0,0,0,0,0,1,0
TRT5924,RR5887199,A-2018-CV526,HL00791,60616,0,0,0,1,1,1,0
VWO6089,TV8532830,A-2018-PO349,BB24765,60422,0,0,0,0,0,1,0
HRI8668,YR9205425,A-2018-ZQ873,KA93396,60827,0,0,0,0,0,1,0
XET8944,UU9659172,A-2018-HJ813,LF24746,60629,0,0,0,0,0,0,0
KIM4122,RS2415496,A-2018-DB946,AK36209,60613,0,0,0,0,0,1,0
ECY5159,OW1801069,A-2018-QF340,HC60619,60464,0,0,0,0,0,1,0
LIS2141,WN1336896,A-2018-MP928,JB73494,60611,0,0,0,0,1,1,0
HIH6244,TZ7014152,A-2018-GU684,LJ06905,60805,0,0,0,0,1,1,0
FSK8907,UO2391104,A-2018-KW936,MK30457,60476,1,1,0,0,1,1,0
OXP7784,PP8876351,A-2018-DF421,FI16085,60181,0,0,0,0,0,1,0
TZK2608,QU5556917,A-2018-BO673,FE24664,60002,0,0,0,0,0,1,0
PFN9423,ZP5580979,A-2018-BP227,BB44033,60641,0,0,0,0,0,1,0
YTH9316,TO3603995,A-2018-TY405,FB38129,60406,0,0,0,0,0,1,0
UBZ4902,UO0416934,A-2018-DO700,FM48658,60062,0,0,0,0,0,0,0
GHF3233,QN7818688,A-2018-VS170,CM80296,60646,0,0,0,0,0,1,0
WYQ2311,UP0076576,A-2018-BN767,CA54136,60068,0,0,0,0,0,1,0
GCM9860,UY2831948,A-2018-AA299,GF89766,60406,0,0,0,0,0,1,0
LGT7557,XV8885404,A-2018-AL949,BF16045,60561,0,0,0,0,0,1,0
DHW8322,WZ0472676,A-2018-QV187,MC45606,60804,0,0,0,0,0,1,0
YBW5741,US2757076,A-2018-TA489,EE12022,60803,0,0,0,1,0,1,0
CNP5087,TW3112496,A-2018-GT731,IF14793,60423,0,0,0,0,0,1,0
QKQ3268,WY8716801,A-2018-UZ962,CA66654,60525,0,0,0,0,1,1,0
GHK3669,OP1941844,A-2018-ME217,AB96020,60068,0,0,0,0,0,1,0
FJJ7026,ZT9862770,A-2018-RY721,JL72515,60615,0,0,0,0,0,1,0
TIA1702,UW8176531,A-2018-EJ368,CG61685,60605,0,0,0,1,0,0,0
HWB1910,UV1284533,A-2018-VC280,HK75384,60452,0,0,0,0,0,1,0
DFC6963,SN1405541,A-2018-KF705,AD47823,60559,0,0,0,0,0,1,0
QEM7213,NN4080926,A-2018-SU104,MI82351,60803,0,1,0,0,0,1,0
FOL2754,YR8785315,A-2018-NM239,DD66536,60419,0,0,0,0,0,1,0
YYZ6061,ZU9939106,A-2018-IM413,EF62177,60534,0,0,0,0,0,1,0
SQV2971,QW9757885,A-2018-MB896,LE42346,60561,0,0,0,1,0,0,0
OGG2359,TO5690517,A-2018-CX480,MJ57549,60446,1,1,0,0,0,1,0
RYB2423,ZV5564899,A-2018-PX702,HM85594,60455,0,1,0,0,0,1,0
TZM8892,OR1091243,A-2018-NU119,HC00389,60605,0,0,0,0,0,1,0
XCB9414,RZ3924455,A-2018-SP886,II16532,60120,0,0,0,0,0,0,0
NZD9236,QQ6543951,A-2018-JP670,AD02450,60443,0,0,1,0,0,0,0
EAH1655,XV6277028,A-2018-WF137,FJ66794,60068,1,1,0,0,0,1,0
SAW4199,ZN7837975,A-2018-VO379,IF05864,60030,0,0,0,0,0,1,0
OTM4988,PO2867254,A-2018-KI215,JK88978,60007,0,0,0,0,0,0,0
IIO4719,WS4501594,A-2018-JZ174,MB26629,60402,0,0,0,0,0,1,0
LUV2527,OU1740398,A-2018-XJ290,GC12034,60411,0,0,0,0,0,0,0
BDP9984,NS5037260,A-2018-GU639,LI96265,60563,0,1,0,0,0,1,0
DVN1241,VR2115147,A-2018-VZ635,HH88783,60133,0,0,0,1,0,0,0
KSB2295,OS0903228,A-2018-IU641,KI80872,60077,0,0,0,0,0,1,0
IWN2922,ZV7465834,A-2018-WM752,DM94144,60656,0,1,0,0,0,1,0
EZE6725,ZS5355299,A-2018-YX237,EG28718,60467,0,0,0,0,0,1,0
QRG2235,RX5692500,A-2018-MS943,IA59125,60625,0,0,0,1,0,0,0
EEG9757,VP6157542,A-2018-SX188,JD60894,60002,0,0,0,0,1,0,0
CYC8980,YY2496925,A-2018-QI983,LG53243,60133,0,1,0,0,0,0,0
LVI7069,SS3351098,A-2018-FR994,DD02437,60652,0,0,0,0,0,0,0
VVR6423,UR4864804,A-2018-FI481,IH49805,60045,0,1,0,0,0,1,0
SNZ2467,PZ8927119,A-2018-DS775,HI45009,60089,0,0,0,0,0,1,0
QBS4278,SQ9699294,A-2018-UW470,LG09201,60555,0,0,0,0,0,0,0
RLN9289,SN2755183,A-2018-ND612,IF10022,60617,0,1,0,0,1,1,0
SRX4890,UQ1875576,A-2018-BU993,MJ53146,60010,0,0,0,0,0,1,0
MLI1063,YO8529075,A-2018-GN321,HH16434,60126,0,0,0,0,0,1,0
HIR9014,RR5447110,A-2018-QW132,CK11297,60654,0,0,0,0,0,1,0
GOI5990,VX9581002,A-2018-TW714,IA84937,60441,0,0,0,1,0,0,0
SXU4847,SQ2144241,A-2018-LS964,AI12636,60490,0,1,0,0,0,1,0
LDI8870,VR2367555,A-2018-OO594,CH27089,60004,0,0,0,0,0,1,0
WAU8340,ZU0377459,A-2018-NH957,BC81640,60047,0,1,0,0,0,0,0
RXS3112,NR0218714,A-2018-TG295,BJ98389,60491,0,0,0,0,0,0,0
DSX7698,PV4232116,A-2018-MR903,IH21570,60619,0,0,0,0,1,0,0
GCU7030,XO5492924,A-2018-FD735,AL26048,60126,0,0,0,0,0,0,0
ODD3044,YS0383442,A-2018-YW305,LA00572,60565,0,1,1,0,0,1,0
MBZ3956,VY9552701,A-2018-DP221,KM81383,60401,0,0,0,0,0,1,0
SWV5314,QU5462700,A-2018-TY216,AC44006,60608,0,0,0,0,0,1,0
NOX9767,TZ6356064,A-2018-XA246,LB01086,60411,0,0,0,0,0,1,0
PQW5430,NW3871701,A-2018-CL702,KJ37975,60137,0,0,0,0,1,1,0
VEC1521,RT6638674,A-2018-BR337,GD70310,60056,0,0,0,0,0,1,0
IWM7447,ON0945054,A-2018-MF516,DM20816,60056,0,0,0,1,0,1,0
MJJ8103,RS1645804,A-2018-NQ221,CM42596,60185,0,0,0,0,0,1,0
ZFU4554,QX2714137,A-2018-HN137,JB95524,60630,0,0,0,0,0,0,0
CKM9063,TP7659286,A-2018-QG425,IG58533,60004,0,0,0,0,0,1,0
QAO5663,XV0936944,A-2018-XV535,HA14850,60002,0,1,0,0,0,1,0
KAS4977,UP9163004,A-2018-UC548,GL12824,60631,0,0,0,0,0,1,0
URL8316,NR7986744,A-2018-MK237,MF26358,60525,0,0,0,0,0,1,0
HBC9992,YR2272898,A-2018-ZR964,AL79903,60477,0,0,0,0,1,1,0
NBP6424,US4417433,A-2018-FV162,IF54402,60605,0,1,0,0,0,1,0
UJP6030,OY9558948,A-2018-CT744,ED76226,60089,0,0,0,0,0,1,0
VPR6364,ZV2130285,A-2018-AU444,EG26655,60423,1,0,0,0,0,0,0
GPY6080,YY1590110,A-2018-HK543,IA53125,60026,1,0,0,1,0,1,0
EHL9301,OS6708536,A-2018-PV577,FA97534,60185,1,0,0,0,0,1,0
DMT3945,VO8682862,A-2018-DK357,MK60550,60633,0,0,0,0,0,1,0
CRL1014,ST4135070,A-2018-GV174,AG26353,60639,0,0,0,0,0,1,0
MYN7190,SW3738500,A-2018-EB281,LE30855,60073,0,0,0,1,0,1,0
EMS7262,SS3958117,A-2018-RI936,CK16686,60181,0,0,0,1,0,1,0
FLU2154,WY5696231,A-2018-LD311,MJ26546,60618,0,0,0,0,0,0,0
MDG3730,UN3434364,A-2018-OT466,AM70758,60422,0,0,0,0,1,1,0
YZO7747,NU7781647,A-2018-BE395,KL59187,60201,0,0,1,0,0,1,0
JPW9898,OP3878997,A-2018-MD131,HG89929,60657,0,0,0,1,0,0,0
NCL2868,VT9807337,A-2018-CK215,ME37855,60201,0,0,0,0,0,1,0
FZS7049,OW3556133,A-2018-EQ135,ID90189,60564,0,0,0,0,0,1,0
YSQ1523,SZ2214104,A-2018-HD175,IE90240,60462,0,0,0,0,0,0,0
ROI9482,UW5355517,A-2018-OB490,CB97603,60563,0,0,0,0,0,1,0
NHY1080,XW4591954,A-2018-BQ215,MA83496,60103,0,0,0,0,1,0,0
IOH4792,UR5697758,A-2018-HC393,DA64172,60408,0,0,0,0,0,1,0
CYY6371,PS6579902,A-2018-PF912,KB19682,60622,0,0,0,0,0,0,0
WWB3997,OY5143141,A-2018-NS395,DI66590,60601,0,0,0,0,0,0,0
SLY7362,NS3595942,A-2018-AR610,LA31242,60426,0,1,0,0,0,1,0
SAD8006,YS2739165,A-2018-CE386,BD67160,60477,0,0,0,0,0,1,0
TJC5486,XP1609363,A-2018-YZ526,IE30547,60630,0,0,0,0,0,0,0
BWX6731,SQ9493725,A-2018-US500,AF63724,60629,0,0,0,0,0,1,0
MJA6110,YN4319724,A-2018-RJ604,EE17803,60457,0,0,0,0,1,1,0
AXG8813,QP7416128,A-2018-BP296,BM87212,60005,0,0,0,1,0,0,0
AFF3821,TQ6819790,A-2018-HF148,BM18312,60030,0,0,0,0,0,0,0
ZBB7596,OP0379234,A-2018-AZ672,BJ94866,60517,0,1,0,0,0,1,0
XSN6302,UY5307204,A-2018-HT234,EE21398,60453,0,0,0,0,1,1,0
JGL7271,XO0903670,A-2018-IX762,CJ75179,60068,0,1,0,0,0,0,0
QDE3509,ZR5008178,A-2018-TN610,EK99836,60453,0,1,0,0,0,1,0
PSF2651,VQ1102124,A-2018-LH656,CE29138,60173,0,0,0,0,0,1,0
MDE6706,RQ6230412,A-2018-AC526,KJ99727,60193,0,0,0,0,0,0,0
KAX4571,QO2915760,A-2018-AN861,AK19065,60555,0,1,0,0,0,1,0
OQC9549,RP1408170,A-2018-CQ979,JF85130,60652,0,0,0,0,0,1,0
BYK3229,OV7082856,A-2018-YZ437,GC61115,60051,0,0,0,0,0,1,0
RRU5273,OS8282347,A-2018-MV533,ED20835,60188,0,1,0,0,0,1,0
INJ6643,XR3409655,A-2018-TT508,EL19015,60449,0,0,0,0,0,1,0
SBZ6703,QT8519144,A-2016-CZ506,CC79221,60153,0,0,0,1,0,1,1
SRU2950,OY6516260,A-2016-CA740,HB16909,60449,0,0,0,1,0,0,1
UQM2512,RR8595908,A-2016-ZG694,AF28736,60619,0,0,1,1,0,1,1
XHP1162,UU6872926,A-2016-GZ519,AK31451,60169,0,0,0,1,0,0,1
JDC8664,US7928033,A-2016-NI814,LK14209,60139,0,0,0,1,0,0,1
WPQ8231,NY2006886,A-2016-ZD525,HM61413,60613,0,0,0,1,0,0,1
TIR1328,UX8041292,A-2016-YK373,BM24240,60430,0,0,0,1,0,0,1
CKQ3545,OZ4183317,A-2016-AM796,EL53429,60712,0,0,0,1,0,1,1
ZSL9841,VN1878483,A-2016-BP704,MD72817,60564,1,0,0,1,0,0,1
NCM6666,WV0877077,A-2016-YI912,HC48892,60453,0,0,0,1,0,0,1
IUK1664,NX3788470,A-2016-EF835,GD08394,60188,0,0,0,1,0,0,1
BXG1088,RZ8343068,A-2016-IN674,IF34349,60435,0,0,0,1,0,1,1
FSJ6811,SR9357754,A-2016-QL201,CB94252,60468,0,0,0,1,0,0,1
OCN5353,VV5272504,A-2016-WJ712,FC50805,60513,0,0,0,1,0,0,1
JAZ9619,OO3282802,A-2016-EX586,DC05303,60623,0,0,0,1,0,1,1
QAO6318,UP3563314,A-2016-SE974,LI40709,60007,0,0,0,1,1,0,1
UVF5433,QW7285618,A-2016-QK809,AJ23387,60618,0,0,0,0,0,1,1
DAU3108,PW7767249,A-2016-YU185,CK17841,60630,0,0,0,0,1,1,1
HRN8373,UR0452238,A-2016-JJ651,MK83768,60609,0,0,0,1,0,1,1
KRD3459,RN8821249,A-2016-IK141,FC55776,60172,0,0,0,1,0,0,1
YNS5148,OY3479747,A-2016-WV626,CC87621,60194,0,0,1,1,0,0,1
KGD9228,WU9725438,A-2016-LW894,JD56134,60431,0,0,0,1,0,0,1
LXQ2749,YP5687574,A-2016-HR431,JC05820,60403,0,0,0,1,1,0,1
NFD1636,YO3723732,A-2016-RS180,AH92959,60004,0,0,0,1,1,0,1
BCQ4934,WR5363189,A-2016-GW948,LC42483,60638,1,0,0,1,0,0,1
PFL9165,WQ0036971,A-2016-DZ306,IL08680,60409,0,0,0,0,1,1,1
OQJ9610,NP2891800,A-2016-WL775,ME66936,60439,0,0,0,1,0,0,1
URL1987,QZ9987687,A-2016-DF370,LI11140,60643,0,0,0,1,0,0,1
KYU6062,SR4664910,A-2016-CW534,AD55062,60540,0,0,0,1,0,1,1
HYR7825,ZP3793824,A-2016-XC470,BD48069,60623,0,0,0,1,0,0,1
QPT5879,XP8372056,A-2016-MD352,LF65360,60202,0,0,0,1,0,1,1
IXD2010,SX6235625,A-2016-WE785,KC10187,60477,0,0,0,1,0,1,1
LIQ5219,WO3415149,A-2016-DN476,JK30367,60561,0,0,0,1,0,0,1
GHI9869,NP4752687,A-2016-SO646,FB28684,60652,0,0,0,1,0,0,1
NFG6471,UR3521773,A-2016-BT126,KJ70558,60641,0,0,0,0,0,1,1
DHX5580,SU1573080,A-2016-LD784,AL88831,60516,0,0,0,1,0,1,1
LYX9130,ZV3478993,A-2016-LG319,AF31582,60073,0,0,1,1,1,1,1
PKX3242,PS8987688,A-2016-AV424,JC73953,60620,0,0,1,1,0,0,1
TUH8843,OQ0368522,A-2016-IB231,KB79068,60609,0,0,0,1,0,0,1
PJI1900,WV7113590,A-2016-BH121,KC07548,60565,0,0,0,1,0,0,1
XWX7008,VP6479927,A-2016-XT283,BA95213,60611,0,0,0,1,1,0,1
GKY8460,YT7950892,A-2016-HA274,CL90843,60073,0,0,0,1,0,1,1
NFI8139,NW6421633,A-2016-RB462,DB62187,60647,0,0,0,1,0,0,1
WCM8311,ST4656167,A-2016-FM406,BM56242,60514,0,0,0,1,0,1,1
PAD2535,OW9518897,A-2016-JL142,CB56467,60407,0,0,0,1,0,1,1
YMS5429,RN2192107,A-2016-FX902,LK41983,60473,0,0,0,1,0,0,1
OIZ2447,TV4726883,A-2016-KT345,GK83874,60051,0,0,1,1,0,1,1
IVL7728,TU1674110,A-2016-JU208,MD12858,60453,0,0,0,1,0,0,1
PIG2550,ZU1953578,A-2016-RJ600,HD73002,60614,0,0,0,1,0,0,1
YYL6245,WT2881540,A-2016-ZV935,LB17708,60628,0,0,0,1,0,0,1
UFP5437,UO1603964,A-2016-ME143,LC21008,60468,0,0,0,1,0,0,1
RZS4559,YU9655392,A-2016-OE390,GJ56339,60188,0,0,1,1,1,0,1
XTW5750,PS5337120,A-2016-JP430,FA23976,60628,0,0,0,1,0,0,1
WGN9464,UQ2986376,A-2016-YH600,HM74014,60181,0,0,0,1,0,1,1
DIK7889,VV5719440,A-2016-RD525,LB15088,60403,0,0,0,1,1,0,1
VAQ3211,RT2089043,A-2016-FA392,IJ12612,60089,0,0,1,1,0,0,1
WQU9661,PZ4091803,A-2016-ZL604,IK65751,60634,0,0,0,1,0,1,1
QUI3478,YZ2375709,A-2016-SE143,GF15639,60634,0,0,0,0,1,1,1
GST3453,TY0393497,A-2016-LV483,KM57786,60609,0,0,0,0,0,1,1
QIP5715,RQ3354849,A-2016-GZ254,HI51138,60626,0,0,0,1,0,0,1
NOJ3389,SV5245844,A-2016-FB588,AA54046,60181,0,0,0,1,0,0,1
OKV7897,XY9871873,A-2016-PY639,EI65114,60532,0,0,0,0,1,1,1
SMO5933,QP6888655,A-2016-VC209,LE11388,60657,0,0,0,1,0,0,1
WPM8879,RS0332369,A-2016-TF772,GJ37768,60657,1,0,0,1,0,1,1
TEK9514,OS2660658,A-2016-SW728,HA84130,60640,0,0,0,1,1,0,1
JGT6422,NX1324598,A-2016-IB448,MF66043,60586,0,0,0,1,0,1,1
FCU7787,RW2637736,A-2016-JZ408,GF93213,60618,0,0,0,1,0,1,1
MNG4882,YY4764753,A-2016-MF411,BH63677,60655,0,0,0,1,1,0,1
IZJ4955,RR9916733,A-2016-RF401,DH95875,60432,0,0,0,1,0,0,1
VTM4170,ZW8182964,A-2016-AV350,HC37825,60073,0,0,0,1,0,0,1
FNJ5617,NX4028598,A-2016-VN296,JH24337,60618,1,0,0,1,0,0,1
NKZ8115,ST5381628,A-2016-RA233,GF42714,60609,0,0,0,1,0,1,1
ZXV9418,ZT3463628,A-2016-AB461,CJ27664,60451,0,0,0,1,1,1,1
KUM6955,RX8709734,A-2016-VE730,FD72674,60148,0,0,0,1,0,0,1
CHI8926,PZ1808277,A-2016-EA111,JM69276,60461,0,0,0,1,0,0,1
HWJ3476,OQ1766851,A-2016-QZ199,HM66712,60046,0,0,0,1,0,1,1
GUW2930,PX2120133,A-2016-MZ542,MG95650,60619,1,0,0,1,1,0,1
HGO5326,QQ1507971,A-2016-LV253,DH60612,60504,0,0,0,1,0,0,1
LFO4110,RN4226071,A-2016-GP511,CC87073,60409,0,0,1,1,0,1,1
LSX4061,TR5550041,A-2016-XX775,AI58188,60639,1,0,0,1,0,0,1
KCQ1524,VY7080304,A-2016-GT660,FL52535,60638,0,0,0,1,0,0,1
BLV8655,TU0769843,A-2016-MT971,BA79937,60609,1,0,0,1,0,0,1
UAD9400,ZV4434309,A-2016-NA206,KH25163,60657,0,0,0,1,0,1,1
XEJ7375,ZV2017537,A-2016-WS416,IF03329,60804,0,0,0,1,0,1,1
TGA1173,VT5542027,A-2016-JS377,LL33654,60068,0,0,0,1,1,0,1
EFD6382,QQ2054181,A-2016-TQ539,GJ44094,60632,0,0,0,1,0,0,1
VND8222,VY5771423,A-2016-WZ352,II13130,60435,0,0,0,1,0,0,1
LLN8807,UN0794200,A-2016-FO150,AG08624,60137,0,0,0,1,0,1,1
EVO4040,NY6656317,A-2016-YN454,JM17168,60133,0,0,0,1,1,0,1
XGO1789,ZQ1333748,A-2016-DR744,AF02123,60148,0,0,0,1,1,0,1
EGF8629,TQ4763765,A-2016-DR889,LD06091,60655,0,0,0,1,0,0,1
SCK8550,SY6117637,A-2016-TN445,CA06029,60525,0,0,0,1,1,0,1
OQM4592,RR4766997,A-2016-XT274,MI08265,60411,0,0,0,1,0,0,1
MLM4787,SP5916091,A-2016-SS454,GI54062,60619,0,0,0,1,0,0,1
XZK5437,OO9569104,A-2016-XW950,FL07301,60046,0,0,0,1,0,1,1
CBM8833,TV7378319,A-2016-AM681,BD41683,60585,0,0,0,1,0,1,1
WJR8954,US4466705,A-2016-RQ451,GE40508,60084,0,0,0,1,0,1,1
HLK1308,XQ8983345,A-2016-GH387,BM26712,60165,0,0,0,1,0,0,1
QUP8568,YQ9926483,A-2016-DV196,JA07380,60030,0,0,0,1,0,0,1
VDM4956,VQ4147557,A-2016-ET790,AM70030,60616,0,0,0,1,0,1,1
AUD6272,TP8111859,A-2016-LC306,CB01483,60615,0,0,0,1,0,1,1
SCU7643,QP2571918,A-2016-CG377,CJ27045,60607,1,0,0,1,0,0,1
SCN4900,VP8823525,A-2016-QI630,JC56700,60462,0,0,0,1,0,1,1
JYI3545,VY6940502,A-2016-YE111,LK30681,60067,0,0,0,1,0,0,1
NEL8168,ZO1034286,A-2016-EQ539,AK38802,60517,1,0,0,1,1,1,1
KEF2196,QR3774124,A-2016-GJ386,JC66356,60010,0,0,0,1,0,0,1
SMG6943,ZW8050033,A-2016-TI348,GB97336,60031,0,0,0,1,0,0,1
GJI9724,QY3512250,A-2016-TJ210,CM11612,60090,0,0,0,1,0,0,1
DDM4760,XQ9244848,A-2016-EH758,FG15586,60654,0,0,0,1,0,0,1
GSI3831,RU0702087,A-2016-YD299,KK82543,60657,0,0,0,1,0,0,1
LAJ9394,TN6090606,A-2016-TL355,CA35572,60657,0,0,0,1,1,0,1
OJD8547,WP2475976,A-2016-QV417,BF70624,60133,0,0,0,1,0,1,1
LCA4806,TQ1478466,A-2016-YZ404,IE69805,60657,0,0,0,1,1,0,1
XNM4053,WN9680094,A-2016-NB761,IA69355,60563,0,0,0,1,0,0,1
ZCJ1641,NR1827781,A-2017-MM619,LA78122,60419,0,0,0,1,1,1,1
UHX8111,UU7067325,A-2017-TG937,LL00227,60629,0,0,0,1,0,1,1
KBX1237,SY3551935,A-2017-XT837,HG07601,60656,0,0,0,1,0,0,1
PJJ8906,VY1402454,A-2017-RU111,CL44699,60525,0,0,0,1,0,0,1
OMT4144,TS4280972,A-2017-TN196,GK85665,60440,0,0,0,0,1,1,1
ZIF3330,RN6062838,A-2017-JO455,AH90631,60641,0,0,0,0,1,1,1
AFX9530,VT5562695,A-2017-PY923,MA59811,60048,0,0,0,1,0,0,1
WVA4800,ZZ8124639,A-2017-VV444,HE69325,60629,0,0,0,1,0,1,1
XXP6368,OV1933886,A-2017-SC986,AH34649,60639,0,0,0,1,0,0,1
QKX7155,PW5550732,A-2017-PY426,EF15830,60007,0,0,0,1,0,0,1
NSI8527,PT8524857,A-2017-BV972,FJ47115,60632,0,0,0,1,0,1,1
VNJ8973,QY3585855,A-2017-HE778,KD28772,60077,0,0,0,1,1,0,1
QZA4162,XT3901087,A-2017-LD277,JE37213,60067,0,0,0,1,0,1,1
VRX5780,ZW4263453,A-2017-SA279,KI98597,60525,0,0,0,1,1,1,1
HMT1562,UN8612628,A-2017-KB181,MG80212,60043,0,0,0,1,0,0,1
WTA4293,NZ9195541,A-2017-IK256,CJ65502,60586,0,0,0,1,0,1,1
WUK9818,RN5813594,A-2017-CS392,BL28662,60060,0,0,0,0,1,0,1
TUW1041,YP6571741,A-2017-TU172,MH45923,60432,0,0,1,1,0,0,1
MYA5741,WZ7931394,A-2017-QH626,AM48816,60060,0,0,0,1,1,1,1
XGD5312,XP0503350,A-2017-RT129,AC01512,60015,0,0,0,1,1,0,1
TYL6617,OQ2049136,A-2017-KO841,HG42702,60482,0,0,0,1,0,0,1
GCK3086,YO3029558,A-2017-HR981,BD13756,60451,0,0,0,1,0,0,1
MJL5153,ZV5243877,A-2017-PZ268,FD00052,60473,0,0,0,1,0,0,1
ZFF2539,XP6154507,A-2017-TQ497,CE30585,60457,0,0,0,1,0,0,1
IDG7363,QO9238609,A-2017-YT389,LM61811,60624,0,0,0,1,0,0,1
RGK7511,OS3340355,A-2017-FN146,MM32836,60613,0,0,1,1,0,0,1
REN4275,XS9271524,A-2017-EB597,BM77114,60565,0,0,0,1,0,0,1
YOI3370,UO0756069,A-2017-OI328,DI88333,60005,1,0,0,1,0,0,1
FJY6274,RQ9379181,A-2017-KS500,FK04763,60451,1,0,0,1,0,1,1
QHN1940,OW7527088,A-2017-LJ922,ML39992,60487,0,0,0,1,1,0,1
HSN4066,QZ5667781,A-2017-XA593,AA52662,60628,0,0,0,1,1,0,1
VJI2211,PN6497347,A-2017-SQ321,AL60483,60605,0,0,0,1,1,0,1
YTB3110,VN0725150,A-2017-TT710,LJ89696,60639,0,0,0,1,0,0,1
DMN6712,TS9449491,A-2017-GQ426,DI75013,60620,0,0,0,0,1,1,1
BNY1823,OO6164625,A-2017-OV829,HL58475,60610,0,0,0,1,0,1,1
MHT8263,US9343204,A-2017-YC961,DL12053,60419,0,0,0,1,0,0,1
BBZ5411,VQ8500581,A-2017-SO789,JF03546,60133,0,0,0,1,1,1,1
HTQ1223,NX7767371,A-2017-XS959,BI22910,60653,0,0,0,1,1,1,1
XHG7841,WR2538607,A-2017-YZ187,LA10950,60564,0,0,0,1,0,0,1
HLJ9135,QY9190052,A-2017-UK718,AD24930,60540,0,0,0,1,0,0,1
FUK9113,TW6434747,A-2017-OO215,IE92322,60108,0,0,0,1,0,0,1
LZZ4326,NV0355854,A-2017-FY132,CL88888,60462,0,0,0,1,0,0,1
XYE9320,NP3624925,A-2017-EW916,KL59591,60601,0,0,0,1,0,0,1
WBP3291,TZ1459907,A-2017-BO222,ID40842,60563,0,0,0,1,0,0,1
XDJ5355,ZV1503715,A-2017-SD833,DJ86977,60643,0,0,0,1,0,0,1
CRP8660,SV1659058,A-2017-ML677,IJ01709,60526,0,0,0,1,0,0,1
XZJ2837,NW5567882,A-2017-UU907,CH42335,60133,0,0,0,1,0,0,1
WVI6294,OV8096567,A-2017-VB298,AB78331,60062,0,0,1,1,1,1,1
ZLV8042,WO6936760,A-2017-LM549,AE73680,60044,0,0,1,1,0,0,1
AAN4314,RV7445359,A-2017-BV848,MD28295,60007,0,0,0,0,0,1,1
HIC1847,RN8560241,A-2017-OQ607,AH99607,60558,0,0,0,1,0,1,1
LJH5041,TP5693322,A-2017-VK580,IM87086,60473,0,0,0,1,0,0,1
URQ7280,QT5618057,A-2017-HU990,LE18601,60629,0,0,0,1,1,0,1
LAJ1404,YZ3695561,A-2017-SA921,KI57625,60607,0,0,0,1,0,1,1
RAU2892,UT6979670,A-2017-AD747,LL61649,60160,0,0,1,1,1,0,1
SKL7910,ZX0238334,A-2017-AP967,FC08212,60440,0,0,0,1,0,1,1
CXQ7900,YR2247524,A-2017-XM801,GC33156,60046,0,0,0,1,0,1,1
MLL1752,RV5357442,A-2017-EW166,IF79240,60084,0,0,0,1,1,0,1
ZTE2349,YS2996375,A-2017-QO316,KH42441,60652,0,0,0,1,1,0,1
AFT8365,SW1399413,A-2017-TJ975,AJ74124,60804,0,0,0,1,0,0,1
YWA1319,PU5439335,A-2017-FJ217,LA79549,60614,0,0,0,1,1,1,1
WUB5756,QW9308959,A-2017-SY931,EL04554,60441,0,0,0,0,0,1,1
KVL8838,OP4903768,A-2017-TG641,MF57466,60643,0,0,0,1,1,1,1
AZV5751,ZT3154740,A-2017-BX118,GA01795,60073,0,0,0,1,0,0,1
CZT5410,QP5835323,A-2017-JK260,LB91491,60630,0,0,0,1,0,0,1
UMG1114,WQ2802510,A-2017-YD503,MI34846,60438,0,0,0,1,0,1,1
BIN4596,NU0728235,A-2017-KN723,HD51513,60616,0,0,0,1,0,0,1
RUC2715,YV4334607,A-2017-IM693,CB53549,60707,0,0,0,1,0,0,1
EUT2904,SP1179929,A-2017-RM621,EH17979,60532,0,0,0,1,0,0,1
HAF3937,ZW3458524,A-2017-PF866,GH82341,60651,0,0,0,1,1,0,1
UUW8268,XR9357409,A-2017-NL470,LI68682,60189,0,0,0,1,0,0,1
BDG7179,RQ4522274,A-2017-LS799,MC12285,60620,0,0,0,1,0,0,1
YTJ5960,ZV3916269,A-2017-NB266,AJ58221,60647,0,0,0,1,0,0,1
TQT2125,RU9846981,A-2017-MQ844,DB43956,60613,0,0,0,1,0,0,1
OBD8151,RW8652538,A-2017-CT587,AB12181,60629,0,0,0,1,0,1,1
PAN7318,SX7857810,A-2017-DR546,EK11138,60069,0,0,0,1,0,0,1
TEO5489,ZU5901834,A-2017-MO317,BE38500,60466,0,0,0,0,1,1,1
SAN2754,QX6356630,A-2017-KV742,LL03108,60018,0,0,0,1,0,1,1
GDD9417,WW5341987,A-2017-DZ468,FK18564,60108,0,0,0,1,0,1,1
VER6077,SP6029378,A-2017-RL305,CC04656,60190,0,0,0,1,0,0,1
ZZJ3972,XN3016496,A-2017-XO672,FE57134,60462,0,0,0,1,0,1,1
JSD4645,SX2643142,A-2017-JY168,LJ31800,60169,0,0,0,1,1,0,1
QWG2672,UZ5154060,A-2017-ZM844,MH40779,60025,0,0,0,1,0,0,1
URH4585,YW6536697,A-2017-AV454,HC38268,60625,1,0,0,1,0,0,1
RAO2378,PR8714678,A-2017-YB686,GJ51710,60004,0,0,0,1,0,0,1
ZAY7065,RW8919504,A-2017-SD259,IH74566,60189,0,0,0,1,0,0,1
VRY6352,TU7212196,A-2017-SS828,BM35872,60172,0,0,0,1,1,0,1
VQJ8455,QN3270657,A-2017-GG354,CD01223,60403,0,0,0,1,0,0,1
EDY9473,UT2106582,A-2017-FJ800,JE19928,60546,0,0,0,1,0,0,1
ZKI6917,PN5964338,A-2017-II879,HJ36529,60478,0,0,0,1,0,0,1
YFE2476,TW6262494,A-2017-FM621,IA25135,60462,0,0,0,1,0,0,1
LPM6944,ST8771938,A-2017-IV629,IG49677,60164,0,0,0,1,0,1,1
UNW4472,OS5407702,A-2017-UV130,DI18188,60558,0,0,0,1,0,0,1
QKS4115,WQ7086837,A-2017-FI432,HJ74663,60478,0,0,0,1,0,0,1
XLX2086,UP9855294,A-2017-PP411,LE38210,60137,0,0,0,1,1,0,1
IRJ6787,VP1026284,A-2017-EW172,DA02226,60440,1,0,0,0,1,1,1
YDC9744,RW8719560,A-2017-TQ395,DB54325,60411,0,0,0,1,0,1,1
FKG2601,TO7878196,A-2017-VL538,FA35381,60188,0,0,0,1,0,0,1
HZO2953,RU4821935,A-2017-ZY438,DH36190,60619,0,0,0,1,0,0,1
ZHT5397,PS4857075,A-2017-CH953,GD09836,60634,0,0,0,1,1,0,1
ZKV2382,OT7862229,A-2017-AB423,MA58711,60652,0,0,0,1,0,0,1
WEC1371,NR4536448,A-2017-QV727,AE17055,60517,0,0,0,1,0,1,1
AEO9709,UX9767003,A-2017-HP848,MI10768,60657,0,0,0,1,0,0,1
PNI9297,YS2027810,A-2017-TP367,FF85725,60617,0,0,0,1,0,0,1
ENG3371,YS3045093,A-2017-YD579,GJ24327,60487,0,0,0,1,0,0,1
KGC9647,QX1087376,A-2017-VS697,KL27559,60056,0,0,0,1,0,0,1
TXR4715,YY5759075,A-2017-JB915,BD71414,60131,0,0,0,1,0,0,1
MYV6502,SV8124010,A-2017-CR362,LH31342,60201,0,0,0,1,0,1,1
MLI4847,ZR3742044,A-2017-CO477,HJ97956,60053,0,0,0,1,0,0,1
YGU4684,QW4962132,A-2017-CU688,KI03053,60445,0,0,0,1,0,0,1
ZOY7706,TU5287490,A-2017-JI750,GM30150,60046,0,0,0,1,0,1,1
TDV1208,XQ9934589,A-2017-CH520,MG71563,60526,0,0,0,1,0,0,1
OBD4667,OO5485525,A-2017-SV314,JF09442,60633,0,0,0,1,0,0,1
XZY2844,TZ9092867,A-2017-NP425,HJ68194,60163,0,0,0,1,0,1,1
IJV1641,QO6393378,A-2017-FR579,CE71895,60402,0,0,0,1,0,0,1
MAF1428,QS1592845,A-2017-HE724,LJ31346,60629,0,0,0,1,0,1,1
GKF3273,NN6800265,A-2017-MA890,FA70648,60607,0,0,0,1,0,0,1
MQS9632,SR2312220,A-2017-FN669,KE58966,60622,0,0,0,1,0,0,1
MRJ9257,PU5028362,A-2017-LR711,KE01296,60056,0,0,0,1,0,0,1
ADB9529,ZV8395570,A-2017-FE361,DH24885,60631,0,0,0,1,0,1,1
ECG1402,SY1529346,A-2017-YR951,CJ15396,60622,0,0,0,1,1,0,1
ALM1669,XS3713630,A-2017-WH642,DD67498,60654,0,0,0,1,1,0,1
AJO7462,SX4458566,A-2017-CC868,CI93316,60068,0,0,0,1,0,0,1
LSI8871,QR4862688,A-2017-TP823,MA52163,60714,0,0,0,1,0,0,1
VUJ8660,QP0996532,A-2018-CC410,FI71297,60073,0,0,0,1,1,0,1
CWN4954,WN4990191,A-2018-KW764,HF94123,60022,0,0,0,1,0,1,1
BKZ8467,ZT7214353,A-2018-CL216,AK18614,60137,0,0,0,1,0,0,1
HQW2743,WY8413665,A-2018-CW946,GE87726,60185,0,0,0,1,1,0,1
BZR3451,SV0678201,A-2018-WA894,ME59191,60046,0,0,0,1,0,0,1
NHD3489,VY1810959,A-2018-MY353,HE44345,60067,0,0,0,1,0,0,1
POF9758,XU3394753,A-2018-IT342,FL35053,60611,1,0,0,1,0,0,1
FTZ6832,UU1267873,A-2018-ZJ240,JM42657,60639,0,0,0,1,1,0,1
KJB7332,VV3512076,A-2018-RQ481,KG24084,60056,0,0,0,1,0,1,1
XCF2005,VO2246497,A-2018-TS644,FL21739,60586,0,0,0,1,0,1,1
PDF9673,ZQ9923600,A-2018-UG847,BB70679,60651,0,0,0,1,0,1,1
PPI8400,OT0287150,A-2018-DI451,MF96553,60045,0,0,0,1,1,0,1
TNG4549,YV8589564,A-2018-QU148,JI11006,60439,0,0,0,1,0,1,1
WRW6306,UU7327329,A-2018-EH973,JD96407,60546,0,0,0,1,0,1,1
GNQ5666,UU3712145,A-2018-VS583,HA80394,60487,0,0,0,1,0,1,1
IIN4093,UV6319755,A-2018-DJ532,GF70444,60030,0,0,0,1,0,0,1
LXH1303,WP5551592,A-2018-GX808,IJ97928,60464,0,0,0,1,0,1,1
YEW6052,XT0595282,A-2018-SK280,KG35161,60083,0,0,0,1,1,0,1
PEQ6155,UQ8163328,A-2018-WZ492,BC94182,60077,0,0,0,1,1,0,1
CTE2401,WO0042492,A-2018-YS736,IC18846,60620,0,0,0,1,0,0,1
YBJ6338,OR7905504,A-2018-NQ378,HE95248,60640,0,0,0,1,0,1,1
ZIS5973,ZY2477277,A-2018-SW765,JL22665,60639,0,0,0,1,0,0,1
QYN9334,NP2176831,A-2018-BP407,EM26816,60527,0,0,0,1,0,1,1
MTE5079,UP5861644,A-2018-DC115,CG42474,60639,0,0,0,1,0,0,1
UOS1069,RQ3373687,A-2018-PR311,FI77525,60643,0,0,0,1,0,1,1
WAG3647,XZ7924141,A-2018-TD680,DA79188,60073,0,0,0,1,0,1,1
CDM7654,ZZ4450657,A-2018-KO145,EG13151,60439,0,0,0,1,0,0,1
VVM4056,VX5016451,A-2018-AK442,DH59066,60803,0,0,0,1,0,0,1
CHH2783,QV9707777,A-2018-RC472,GG63046,60628,0,0,0,0,1,0,1
SWW4241,UO4370847,A-2018-KQ964,IM86512,60002,0,0,0,1,0,0,1
ESI2546,TN6541068,A-2018-ZD864,AB68130,60099,0,0,0,1,0,0,1
MOX3439,OO7894942,A-2018-VH845,EE84567,60532,0,0,0,1,0,1,1
DTX7274,OR5597708,A-2018-RO779,GM43730,60064,0,0,0,1,1,0,1
RJF9724,XV5535828,A-2018-BL118,AK35910,60565,1,0,0,1,0,1,1
LQE3254,NP2425310,A-2018-HT817,BA79802,60046,0,0,0,1,1,0,1
SBI2515,QN8294323,A-2018-MX663,IC20834,60607,0,0,0,1,0,0,1
UHK8870,QS9768189,A-2018-FT187,KH37088,60441,0,0,0,1,0,0,1
LKE7989,PP2891277,A-2018-YJ218,FB97223,60451,0,0,0,1,0,0,1
VLI2931,ZP9439751,A-2018-AZ355,FH76782,60026,0,0,0,1,0,0,1
LNZ7048,TQ1413309,A-2018-HC203,IJ53996,60618,0,0,0,1,0,1,1
BUP9042,TO7297939,A-2018-AA629,IK86330,60517,0,0,0,1,0,0,1
DZC9388,QU3821009,A-2018-EQ268,GB93184,60016,0,0,0,1,0,1,1
EXT5561,NQ3815268,A-2018-YR442,BB94518,60153,0,0,0,1,0,0,1
DTK4134,RT7388490,A-2018-NS731,MG05752,60191,0,0,0,1,1,1,1
WWL4334,OO6902604,A-2018-YO211,EA76874,60607,0,0,0,1,0,0,1
CEO4170,PS9777007,A-2018-ZA707,IA99118,60657,0,0,0,1,0,0,1
FND5049,NY8366901,A-2018-ZE522,EL47810,60172,0,0,0,0,1,1,1
TCE2471,ZP6274902,A-2018-XA566,DA54441,60435,0,0,0,1,1,1,1
NNF1615,QY4921629,A-2018-GT359,JH63788,60625,0,0,0,1,0,0,1
CDY6278,VZ7584698,A-2018-UG630,KD63966,60625,0,0,0,1,0,1,1
DJX3985,ZS8038500,A-2018-LO681,BM24472,60804,0,0,0,1,0,1,1
IJG3214,YR5364674,A-2018-PL296,LA93399,60513,0,0,0,1,0,0,1
JUZ7846,VQ1965522,A-2018-QY418,HL28233,60035,0,0,0,0,0,1,1
WAB4198,RV6336952,A-2018-VG784,CF33982,60636,0,0,0,1,1,1,1
NHY6452,OX0024126,A-2018-WB471,LB27668,60565,0,0,0,1,0,0,1
GZS5253,ZO5517949,A-2018-PQ500,EF67827,60525,0,0,0,1,0,0,1
UKZ9933,UY1186722,A-2018-KQ808,JA91150,60404,0,1,0,1,0,0,1
MSH7283,NX0166609,A-2018-HL168,ML78429,60133,0,0,0,1,0,0,1
IRN4799,XP2251017,A-2018-KM232,CJ73477,60046,0,0,0,1,0,0,1
HYJ4751,SO2261818,A-2018-KO505,CK84814,60108,0,0,0,1,0,0,1
PNY7427,TR7388339,A-2018-NX826,KB88617,60634,0,0,0,1,1,1,1
OOZ4387,YP0169416,A-2018-EU205,BG04741,60657,0,0,0,1,1,1,1
ARY1978,XY1991214,A-2018-CV867,DH68710,60148,0,0,0,1,0,1,1
FJC4072,QQ4024073,A-2018-AU432,MG50865,60441,0,0,0,0,0,1,1
COU4904,WS4386340,A-2018-OF511,ML60099,60073,0,0,0,1,0,0,1
DKA6803,NU6023740,A-2018-OJ733,JK03544,60707,0,0,0,1,0,0,1
RLN9608,QU2033029,A-2018-WY729,JH77427,60558,0,0,0,1,1,1,1
DTK3926,RQ0657050,A-2018-IJ688,KG13317,60645,0,0,0,1,1,0,1
REQ7512,PT2241432,A-2018-SK750,BA73964,60564,0,0,0,1,0,1,1
UDB5411,YP3001858,A-2018-TZ853,LA98687,60040,0,0,0,1,0,0,1
LJX1396,QP3541180,A-2018-DH845,GC82790,60628,0,0,0,1,0,1,1
NGI2435,QP7184915,A-2018-TJ241,EI15890,60610,0,0,0,1,1,1,1
PCH9397,SV7889041,A-2018-ZO253,AH39053,60187,0,0,0,0,0,1,1
BAW5047,OT5241796,A-2018-RU602,CH26680,60707,0,0,0,1,0,0,1
ZVJ5760,NN5305158,A-2018-IS958,HE02645,60620,0,0,0,1,0,0,1
YLE1260,WV1033974,A-2018-LC439,BG38400,60634,0,0,0,1,0,0,1
UYD3279,YU4785802,A-2018-SK660,BG96509,60641,0,0,0,1,1,0,1
EQR6564,YQ8086097,A-2018-CB281,KL55170,60626,0,0,0,1,0,1,1
MYO3843,NZ2140761,A-2018-RM315,FK93725,60081,1,0,0,1,0,0,1
PNN4361,OZ8234823,A-2018-MH427,IE63482,60657,1,0,1,1,0,0,1
WGG4869,YU1507625,A-2018-WU427,KK00110,60453,0,1,0,1,0,0,1
DJE1178,TW0205056,A-2018-LL606,EK13307,60659,0,1,0,1,0,0,1
FNR6189,XS3724662,A-2018-NI956,LE51519,60803,0,0,1,1,0,0,1
YIT2659,TX4555360,A-2018-UR790,HA57049,60449,0,0,0,1,0,0,1
YGR5362,QU8528569,A-2018-RB437,ML12158,60010,0,0,0,1,0,1,1
QBV9830,YU2221856,A-2018-CU529,EI71996,60304,0,0,0,1,0,0,1
PWE6752,SS3739043,A-2018-LL468,HC57365,60002,0,0,0,1,0,0,1
KBF8093,TQ4754369,A-2018-DM603,AG94097,60404,0,0,0,0,0,0,1
DAH5210,YS4338398,A-2018-PZ193,MI74988,60060,0,0,0,1,0,1,1
PJX4034,PW2849440,A-2018-HJ361,FH43248,60639,0,0,0,1,0,0,1
FGX9152,XO1045873,A-2018-QY721,MH33795,60628,0,0,0,1,0,1,1
CKB9965,RP2795683,A-2018-OQ902,FJ65047,60625,0,0,0,1,0,0,1
VPU6283,ZO1823267,A-2018-BX331,ML66163,60089,0,0,0,0,1,1,1
NFJ3020,SN0776165,A-2018-TR770,IH42378,60626,0,0,0,1,1,1,1
IEC2178,TN7709112,A-2018-BW682,GI24304,60629,0,0,0,1,0,0,1
DYI5905,QQ0031969,A-2018-ER670,LE91568,60423,0,0,0,1,0,1,1
JYE8149,ST1510993,A-2018-GL227,JC47419,60139,0,0,0,1,0,1,1
LVG4642,WP8399488,A-2018-UM797,FH99015,60046,0,0,0,1,0,0,1
GCL1466,ZT2314599,A-2018-YX714,DA32426,60638,0,0,0,1,0,0,1
JYF8841,SS3886416,A-2018-GG140,EH30113,60654,0,0,0,1,0,1,1
OKH5337,ZK6994471,A-2018-WF114,JG99629,60046,0,1,0,1,1,0,1
LEN6009,UP7558441,A-2018-YO730,AA15690,60656,1,0,0,1,0,1,1
IUY9463,OW3083971,A-2018-FS833,BG31250,60172,0,0,0,1,0,0,1
HVL8059,NO3821083,A-2018-RO202,HH88843,60621,0,0,0,0,0,0,1
CZQ4320,RQ2256581,A-2018-YB986,DH17232,60093,0,0,0,1,0,0,1
ZXJ6680,ZR2935456,A-2018-LX398,AC06970,60634,1,1,0,0,0,0,1
UJY2336,SV0963190,A-2018-WP571,DC58173,60025,0,1,1,1,0,0,1
HTQ6817,NS6540979,A-2018-UH153,LI38945,60073,0,0,0,1,0,0,1
BIT9059,XY0567145,A-2018-HW937,JB66405,60634,0,1,0,1,1,0,1
ZUR7128,SV7646877,A-2018-ZC526,AD96832,60638,0,0,0,1,0,0,1
HIF1643,RQ2844018,A-2018-LB891,KC66021,60477,0,0,0,1,0,1,1
WAL2547,QX4129330,A-2018-ON525,JE92775,60046,0,1,0,1,0,1,1
UYZ6534,YX7098153,A-2018-KG958,EG24898,60612,0,0,0,1,0,1,1
EHH7835,TP3520271,A-2018-IO420,AA81979,60081,0,0,0,1,0,0,1
LPM3687,ZS4092649,A-2018-ZW505,LD14383,60160,0,0,0,1,0,0,1
OOB9748,QZ0638898,A-2018-YA663,HA70513,60618,0,0,0,1,0,0,1
PBA5217,RQ1401838,A-2018-XX889,HE51947,60651,0,0,0,1,1,0,1
JGZ7121,RT6840847,A-2018-IZ494,JK45782,60564,0,0,0,1,0,1,1
UDS3926,YN3514123,A-2018-AQ540,AL70975,60612,0,0,0,1,0,1,1
DEZ7171,SY0453472,A-2018-VR497,BB02424,60706,0,0,0,1,0,0,1
IEQ4381,SX9857822,A-2018-IG322,DF91290,60153,0,0,0,1,0,0,1
AYR1834,ZO5267158,A-2018-UL234,GA51774,60077,1,0,0,0,1,1,1
SJR6826,XN3777251,A-2018-WZ914,JM45816,60090,0,0,0,1,0,1,1
BRO9301,OR2756666,A-2018-FF640,JB93186,60620,0,0,0,1,0,1,1
XMZ3692,OX4601039,A-2018-JJ452,FA04916,60060,0,1,0,1,0,0,1
PBW7429,RZ2794532,A-2018-KQ119,HC35643,60005,1,0,0,1,1,1,1
JMK4349,NU6666448,A-2018-BN567,ML49754,60422,0,0,0,1,0,0,1
XQT2723,YX8965578,A-2018-RX394,BL65391,60073,0,1,0,1,0,0,1
OFI8977,RR6243149,A-2018-UH100,AI67619,60187,0,0,0,1,0,0,1
EXE5141,YR9378042,A-2018-CC752,JI91135,60657,0,0,0,1,0,0,1
EJA8856,YX1956536,A-2018-CC186,ML19925,60407,0,0,0,1,1,1,1
WYD1089,ZY9242196,A-2018-HX383,CL41612,60613,0,1,0,1,0,0,1
RON3445,UX7497727,A-2018-QS755,HL62048,60190,0,0,0,1,1,0,1
GYV4467,VT4410439,A-2018-CK569,CA15768,60025,0,0,0,1,0,1,1
NVN5105,PX4451208,A-2018-IY687,KJ36556,60085,0,0,0,1,0,0,1
VUS9325,SZ8136657,A-2018-TM386,CF18976,60630,0,0,0,1,0,0,1
OXE4013,VY5878530,A-2018-VW415,AJ59735,60126,0,1,0,1,0,0,1
KDA8398,WS5238981,A-2018-GE656,AL87673,60585,0,0,0,1,0,0,1
VUS5805,ZZ5215272,A-2018-CE606,LL77771,60139,0,0,0,1,0,0,1
ULA5646,RR9824821,A-2018-AN903,AK75328,60085,0,0,0,1,0,0,1
TJH6005,QS8393896,A-2018-NZ932,GG43173,60419,0,1,0,1,0,0,1
LPY9507,OW5040871,A-2018-OG929,LL05381,60647,0,0,0,1,1,0,1
MQE3807,VT8680029,A-2018-DY935,FC96662,60487,0,1,0,1,0,1,1
CWF4748,XO4650447,A-2018-FJ821,FM40193,60137,0,1,0,1,0,0,1
NHQ9197,UN9110544,A-2018-QV552,BK04222,60426,0,0,0,1,0,1,1
TLH8366,XR5174546,A-2018-MR737,FM11570,60047,0,0,0,1,0,0,1
TFP6673,PU1145215,A-2018-DK765,BE89251,60621,0,0,0,1,0,1,1
NBB9380,XV4006446,A-2018-UT608,JA16949,60185,0,0,0,1,0,1,1
EZL5621,UN9743604,A-2018-BW878,JJ68191,60417,0,0,0,1,0,0,1
NTA4237,VZ9639858,A-2018-WX724,LM53245,60164,0,0,0,1,0,0,1
EEH5953,TT1376928,A-2018-NY381,FD06938,60517,0,0,0,1,0,1,1
KWI4236,NQ1837943,A-2016-DY707,GB84785,60005,0,0,0,0,0,1,0
VCT3170,YQ4754822,A-2017-FN808,GM45359,60534,1,0,0,0,0,1,0
XRV2592,ZZ2944035,A-2017-EO117,DI89391,60091,0,0,0,0,0,1,0
TYI3593,TV1098462,A-2018-JD560,BC81148,60070,0,0,0,0,0,1,0
SKC7723,ON3825681,A-2018-NJ973,EI07354,60626,0,0,0,0,0,1,0
TDU8896,ZR8946708,A-2016-BZ407,JF13273,60559,0,0,0,1,0,1,1
HIZ7204,RQ5378478,A-2017-TP658,JF47595,60031,0,0,0,1,0,1,1
ZPD1073,SW0966653,A-2017-VM328,EI77277,60419,0,0,0,1,1,0,1
UML2404,TU2227608,A-2017-LZ691,LK85370,60070,0,0,0,0,1,1,0
KTL6555,SV3589196,A-2018-TD750,IA78590,60638,0,0,0,0,0,1,0
MPK4261,XP0236535,A-2017-HC585,AJ30623,60609,0,0,0,1,0,0,1
VZD5442,ZY0696494,A-2017-MK806,BE83816,60074,0,0,0,0,0,1,0
BZS8032,XZ8486437,A-2017-BI538,KK86334,60402,0,0,0,1,0,0,0
XID5370,UV2993244,A-2018-MC204,HK61355,60101,0,1,0,0,0,1,0
VYN5700,NN5051378,A-2016-EH641,HJ59908,60707,0,0,1,0,0,1,0
SFZ1287,OS8977364,A-2017-ZB327,GE83841,60632,1,0,0,0,0,1,0
YZE7093,QS0754328,A-2016-HO641,GM59891,60614,0,0,0,1,0,0,1
AXH2427,XP6738250,A-2016-ZU174,JJ23409,60586,0,0,0,0,0,0,0
GRD8643,TY9717124,A-2017-GH131,MA30181,60453,0,0,0,0,0,1,0
CPI2263,RO2444600,A-2016-ZR140,FM19777,60005,0,0,0,1,1,1,1
EPZ3482,QV4734674,A-2016-CS572,FB20888,60402,0,0,0,0,0,1,0
OWU7498,TY4686682,A-2017-SF986,LL12094,60526,0,0,0,0,0,1,0
GKS4782,TZ2428088,A-2016-FD522,EA98177,60559,0,0,0,1,1,0,1
BZQ1079,SV2796501,A-2016-GP477,CK27900,60018,0,0,0,0,0,0,0
ELC3450,XP4412224,A-2017-DD828,KF20861,60154,0,0,0,0,0,0,0
WUA9080,WT7514449,A-2016-US954,KH64592,60643,0,0,1,1,0,0,1
HEF1789,RR7411490,A-2016-OK871,LJ88105,60060,0,0,0,0,1,0,0
RRK1299,ST3462710,A-2018-XO924,ME75154,60041,0,0,0,0,0,1,0
BTS4265,OO1543234,A-2016-SM865,DK96184,60632,0,0,0,1,0,0,1
NIQ5044,NS8782842,A-2016-IV856,AJ96276,60418,1,0,0,0,0,1,0
CSE9523,VP6368585,A-2018-LB818,BA26199,60565,0,0,0,0,0,1,0
SGU2312,WS1519983,A-2016-EF136,BB27788,60440,0,0,0,1,0,1,1
HFZ7313,QW3622319,A-2016-BI407,GE81740,60614,0,0,0,0,0,1,0
OCI4815,VU1741859,A-2018-KK810,EH63320,60608,0,0,0,0,0,0,0
YDT5591,RN5640634,A-2016-NG783,EF53594,60624,0,0,0,1,0,1,1
PWB8600,WV7522535,A-2016-VL761,EL35807,60464,0,0,0,1,0,1,0
JLE3816,NO8377560,A-2018-FQ908,DK29831,60015,0,0,0,0,1,1,0
FDM3138,XO6643777,A-2017-GB759,DA00549,60540,0,0,0,1,0,0,1
LKM8282,TZ0257126,A-2017-YA748,GE30918,60002,0,0,0,0,0,0,0
CYK5441,ZU7803352,A-2018-NA221,BJ78218,60047,0,0,0,0,0,0,0
WBE5419,VS5223796,A-2017-UW398,HD52784,60487,0,0,0,0,1,1,1
HOG2209,VT6010718,A-2017-CZ552,DB64367,60651,0,0,0,1,0,1,0
MTI3563,ZZ2765042,A-2018-UV737,AJ49584,60707,0,0,0,0,0,0,0
YLD3650,NR6700164,A-2017-SG188,LE33683,60076,1,0,0,0,1,1,1
NUI7093,RY8454312,A-2017-PY172,HI59208,60143,0,0,0,0,0,0,0
GSN4940,VR3029092,A-2018-IZ938,FH69052,60643,0,1,0,0,0,1,0
QYR3008,UP0205774,A-2017-UM766,FJ70674,60608,0,0,0,1,0,0,1
NVF7939,SO9467693,A-2017-IQ121,DE66233,60707,0,0,0,1,0,0,0
UYQ6569,YT1775894,A-2018-AR367,FH87251,60176,0,0,0,0,0,1,0
GGZ6095,QO1453059,A-2017-KE546,IG41236,60440,0,0,0,1,0,1,1
BEW8006,RY8492801,A-2017-GN723,EB37437,60008,0,0,0,0,0,1,0
VDU5872,QP0855306,A-2018-CY495,AG86132,60107,0,1,0,0,0,1,0
AUA1145,QR2842427,A-2017-MC187,MK29130,60638,0,0,0,1,1,0,1
